,dateymd,confirmed,recovered,deaths,Dose1,Dose2,retail_and_recreation_percent_change_from_baseline,grocery_and_pharmacy_percent_change_from_baseline,parks_percent_change_from_baseline,transit_stations_percent_change_from_baseline,workplaces_percent_change_from_baseline,residential_percent_change_from_baseline,visit,staying,State_population
0,20201001,8965,9771,49,0.0,0.0,-49.310792380164585,9.275358572314842,-46.0,-21.41384904752057,-29.2077357128086,11.24154714256172,-0.1880199809314828,0.1454357689804623,84580777
1,20201002,8564,9922,41,0.0,0.0,-45.138490475205735,12.689207619835415,-41.0,-23.41384904752057,-45.62158476032917,15.655396190082293,-0.2198517454719055,0.1559021250485792,84580777
2,20201003,7942,9800,49,0.0,0.0,-47.79388666528803,6.447660477273695,-42.0,-20.0,-22.069245237602864,10.413849047520573,-0.1580532419543746,0.1403507894530219,84580777
3,20201004,8191,9450,50,0.0,0.0,-43.72464142768516,0.7584528574382805,-40.0,-19.344603809917707,-11.655396190082293,7.586150952479427,-0.1722111765862591,0.1577286006557967,84580777
4,20201005,5591,9734,46,0.0,0.0,-46.13849047520573,8.689207619835415,-42.0,-19.41384904752057,-28.62158476032917,10.655396190082293,-0.1513407765759825,0.1374426501630506,84580777
5,20201006,7778,8427,43,0.0,0.0,-46.72464142768516,8.103056667355988,-43.0,-20.172301904958854,-29.2077357128086,10.24154714256172,-0.1614890095541449,0.1459513282531089,84580777
6,20201007,7274,8588,42,0.0,0.0,-46.96618857024688,10.033811429753122,-42.0,-20.0,-27.2077357128086,11.24154714256172,-0.187721444218584,0.1451579449610637,84580777
7,20201008,7188,8169,54,0.0,0.0,-47.72464142768516,10.689207619835415,-44.0,-21.0,-26.035433807849742,12.827698095041146,-0.1806228263515479,0.1411476690674052,84580777
8,20201009,7036,7988,38,0.0,0.0,-47.72464142768516,7.033811429753122,-44.0,-22.930754762397136,-25.035433807849742,15.0,-0.1926535589175304,0.1452263506426525,84580777
9,20201010,7464,8731,44,0.0,0.0,-48.96618857024688,5.447660477273695,-44.0,-24.172301904958854,-24.655396190082293,14.75845285743828,-0.1774675376019541,0.1488884733780584,84580777
10,20201011,6927,7612,35,0.0,0.0,-47.896943332644014,-5.172301904958854,-45.0,-25.689207619835415,-7.655396190082293,12.344603809917707,-0.2168874150622901,0.1740502406605936,84580777
11,20201012,4245,7718,38,0.0,0.0,-50.310792380164585,-1.3107923801645853,-47.0,-25.172301904958854,-26.035433807849742,15.413849047520573,-0.1833460218915936,0.1511506695468167,84580777
12,20201013,6330,7724,40,0.0,0.0,-53.863131902890885,-11.20935809090522,-46.0,-33.62158476032917,-32.104679045452606,17.48309428512344,-0.2598163287948986,0.1850566716268165,84580777
13,20201014,5338,6968,36,0.0,0.0,-47.96618857024688,10.550717144629683,-43.0,-24.655396190082293,-29.58777333057605,15.24154714256172,-0.2345783646725071,0.1526398911079996,84580777
14,20201015,5470,7571,46,0.0,0.0,-48.13849047520573,15.275358572314842,-44.0,-22.41384904752057,-28.34622618801433,15.827698095041146,-0.2206758865013737,0.1483201304506814,84580777
15,20201016,5521,6445,32,0.0,0.0,-47.72464142768516,15.516905714876561,-44.0,-21.344603809917707,-24.449282855370317,16.58615095247943,-0.2131450143850062,0.1483827648420633,84580777
16,20201017,5127,7512,33,0.0,0.0,-48.03543380784974,10.481471907026817,-41.0,-19.827698095041146,-17.966188570246878,14.172301904958854,-0.1622269203731718,0.1393424049534328,84580777
17,20201018,5422,6745,29,0.0,0.0,-43.38003761776746,7.344603809917707,-38.0,-17.930754762397136,-2.483094285123439,9.75845285743828,-0.1605899958341598,0.1515512185373989,84580777
18,20201019,3866,6199,28,0.0,0.0,-45.55233952272631,11.103056667355988,-41.0,-18.41384904752057,-24.449282855370317,14.413849047520573,-0.1518500098832149,0.1365475431125443,84580777
19,20201020,4989,7035,35,0.0,0.0,-46.79388666528803,8.13686809710911,-41.0,-21.24154714256172,-26.449282855370317,14.827698095041146,-0.1837610452630388,0.149582660796436,84580777
20,20201021,5325,6550,32,0.0,0.0,-43.96618857024688,18.033811429753122,-39.0,-16.58615095247943,-25.2077357128086,11.827698095041146,-0.1751489569721025,0.1414960287582839,84580777
21,20201022,5076,5440,21,0.0,0.0,-43.13849047520573,23.033811429753122,-39.0,-15.0,-26.62158476032917,9.827698095041146,-0.1565903990312125,0.136026622620764,84580777
22,20201023,5186,5502,26,0.0,0.0,-41.72464142768516,27.51690571487656,-38.0,-10.930754762397134,-26.62158476032917,9.413849047520573,-0.1356435234685772,0.1316668553773158,84580777
23,20201024,4615,5280,27,0.0,0.0,-38.96618857024688,27.067622859506244,-34.0,-11.413849047520573,-29.896943332644014,9.586150952479427,-0.1325338551500892,0.1296607039144367,84580777
24,20201025,3975,5031,25,0.0,0.0,-39.13849047520573,0.20611333471197568,-35.0,-18.41384904752057,-12.380037617767451,6.0,-0.2026350724614412,0.1436505122228896,84580777
25,20201026,2483,5404,23,0.0,0.0,-37.55233952272631,11.239924764465098,-33.0,-18.793886665288024,-38.58777333057605,10.069245237602866,-0.1748453135399784,0.1326696857713898,84580777
26,20201027,3738,5906,23,0.0,0.0,-40.13849047520573,14.13686809710911,-36.0,-14.655396190082293,-30.449282855370313,7.827698095041146,-0.1171232561697795,0.1338368688070813,84580777
27,20201028,4430,5060,22,0.0,0.0,-40.79388666528802,16.723019049588537,-35.0,-13.069245237602866,-27.2077357128086,7.827698095041146,-0.1179138572628624,0.1286153130000212,84580777
28,20201029,4409,4679,21,0.0,0.0,-40.96618857024688,14.550717144629683,-36.0,-13.310792380164585,-29.2077357128086,9.24154714256172,-0.1018097983890594,0.126999313392569,84580777
29,20201030,4417,4671,23,0.0,0.0,-42.13849047520573,14.964566192150256,-38.0,-16.48309428512344,-36.38003761776745,12.827698095041146,-0.1343766074537244,0.1356930664823521,84580777
30,20201031,4228,5194,20,0.0,0.0,-43.2077357128086,9.550717144629683,-37.0,-16.48309428512344,-17.48309428512344,9.586150952479427,-0.1139522927606824,0.1269563209935988,84580777
31,20201101,4034,5088,21,0.0,0.0,-38.96618857024688,6.447660477273695,-34.0,-13.413849047520573,-4.896943332644012,7.172301904958854,-0.1207740148097717,0.1418652138176739,84580777
32,20201102,2838,4489,20,0.0,0.0,-42.5523395227263,13.792264287191403,-38.0,-14.483094285123439,-25.035433807849742,10.24154714256172,-0.1080430660346144,0.1259375734203765,84580777
33,20201103,4385,5191,18,0.0,0.0,-41.55233952272631,13.792264287191403,-37.0,-15.655396190082293,-26.035433807849742,10.24154714256172,-0.1134992064495931,0.1341947044356189,84580777
34,20201104,4114,3974,16,0.0,0.0,-41.138490475205735,15.206113334711976,-37.0,-15.827698095041146,-25.2077357128086,9.24154714256172,-0.1258985468117655,0.1291097099499334,84580777
35,20201105,4284,3270,18,0.0,0.0,-42.310792380164585,15.792264287191403,-39.0,-17.24154714256172,-26.62158476032917,9.655396190082293,-0.1206019212772188,0.1274129396148725,84580777
36,20201106,4012,3434,15,0.0,0.0,-41.896943332644014,15.033811429753122,-39.0,-18.0,-25.035433807849742,11.24154714256172,-0.1355197835527096,0.1312352385770823,84580777
37,20201107,3974,3684,17,0.0,0.0,-41.96618857024688,12.550717144629683,-37.0,-16.827698095041146,-16.48309428512344,9.0,-0.0994021257053479,0.1272736656972304,84580777
38,20201108,3677,3737,17,0.0,0.0,-37.55233952272631,9.275358572314842,-33.0,-16.75845285743828,-5.2415471425617195,6.586150952479427,-0.1213414622820265,0.1418596618170107,84580777
39,20201109,2249,3053,15,0.0,0.0,-40.896943332644014,14.619962382232549,-38.0,-17.827698095041146,-24.035433807849742,10.655396190082293,-0.1089962788347286,0.126085104742535,84580777
40,20201110,3153,3982,16,0.0,0.0,-40.310792380164585,16.7922642871914,-37.0,-16.41384904752057,-25.035433807849742,9.655396190082293,-0.1004035165459641,0.1318633323331849,84580777
41,20201111,2928,3596,19,0.0,0.0,-41.069245237602864,15.516905714876561,-39.0,-15.75845285743828,-25.2077357128086,9.413849047520573,-0.1174565182582799,0.1294982889050546,84580777
42,20201112,2743,3493,12,0.0,0.0,-41.65539619008229,20.86150952479427,-40.0,-16.75845285743828,-25.62158476032917,9.827698095041146,-0.1275898109023046,0.1302601071425485,84580777
43,20201113,2590,3400,14,0.0,0.0,-37.483094285123435,36.689207619835415,-35.0,-8.930754762397134,-24.62158476032917,9.413849047520573,-0.1103350031825789,0.1246934765492873,84580777
44,20201114,2707,3891,11,0.0,0.0,-43.5523395227263,8.206113334711976,-39.0,-24.58615095247943,-42.069245237602864,16.0,-0.2122530440073871,0.141779571049696,84580777
45,20201115,1717,3777,17,0.0,0.0,-39.48309428512344,-1.966188570246878,-37.0,-24.58615095247943,-12.483094285123439,9.172301904958854,-0.243523437693177,0.1614364387552268,84580777
46,20201116,1255,3046,16,0.0,0.0,-36.48309428512344,13.033811429753122,-34.0,-15.24154714256172,-26.449282855370317,8.827698095041146,-0.106342068434415,0.1258868204460926,84580777
47,20201117,2347,3895,12,0.0,0.0,-37.483094285123435,17.37841523967083,-35.0,-14.413849047520573,-24.449282855370317,8.24154714256172,-0.0942608776483573,0.1304093501477292,84580777
48,20201118,2184,3303,14,0.0,0.0,-35.72464142768516,14.275358572314842,-32.0,-14.930754762397134,-26.38003761776745,8.413849047520573,-0.1180436347054366,0.1234461501909588,84580777
49,20201119,2374,3261,15,0.0,0.0,-37.310792380164585,17.964566192150258,-34.0,-14.24154714256172,-25.449282855370317,8.24154714256172,-0.0998832599229964,0.1235204674538518,84580777
50,20201120,2115,2886,14,0.0,0.0,-36.48309428512344,18.7922642871914,-34.0,-12.586150952479427,-24.449282855370317,9.24154714256172,-0.0867220670606987,0.1226874342359138,84580777
51,20201121,2085,3132,10,0.0,0.0,-36.38003761776745,13.13686809710911,-31.0,-11.827698095041146,-16.310792380164585,6.413849047520573,-0.0473475697514578,0.1161314181073319,84580777
52,20201122,1994,2927,15,0.0,0.0,-32.13849047520573,9.033811429753122,-28.0,-12.172301904958854,-5.655396190082293,4.586150952479427,-0.0707144476720756,0.1319101818743046,84580777
53,20201123,1147,2405,13,0.0,0.0,-35.72464142768516,14.033811429753122,-32.0,-14.24154714256172,-23.449282855370317,8.655396190082293,-0.0730213151328699,0.1178870727287123,84580777
54,20201124,2006,2544,12,0.0,0.0,-34.72464142768516,17.7922642871914,-31.0,-12.413849047520573,-24.449282855370317,8.24154714256172,-0.0777805671223616,0.12659858480917,84580777
55,20201125,1824,2326,10,0.0,0.0,-34.24154714256172,14.689207619835415,-33.0,-11.930754762397134,-25.62158476032917,7.413849047520573,-0.0753670949298562,0.122090608607438,84580777
56,20201126,1893,2042,11,0.0,0.0,-48.20611333471197,-13.929132384300512,-54.0,-30.2399247644651,-35.06924523760287,14.689207619835415,-0.2180648514569687,0.1722097237633558,84580777
57,20201127,1494,1907,10,0.0,0.0,-46.41384904752057,-1.8969433326440122,-46.0,-26.689207619835415,-28.793886665288024,14.586150952479427,-0.2381494735521288,0.1655597766616639,84580777
58,20201128,1378,2138,8,0.0,0.0,-39.72464142768516,16.723019049588537,-36.0,-15.586150952479427,-17.310792380164585,10.0,-0.1361163449294158,0.1353177396738741,84580777
59,20201129,1425,4735,11,0.0,0.0,-33.483094285123435,13.689207619835415,-31.0,-13.103056667355988,-2.6553961900822927,6.7584528574382805,-0.1208975192030927,0.1411497848676656,84580777
60,20201130,974,1992,7,0.0,0.0,-34.72464142768516,15.37841523967083,-31.0,-16.310792380164585,-26.518528092973185,9.483094285123439,-0.1068022904297746,0.1222669728611029,84580777
61,20201201,1187,1988,7,0.0,0.0,-33.72464142768516,18.309170002067965,-30.0,-13.896943332644012,-28.48471666322006,9.310792380164585,-0.0992872384962838,0.1267605819803476,84580777
62,20201202,1228,2084,8,0.0,0.0,-21.48309428512344,20.964566192150258,-19.0,-12.0,-19.276980950411463,7.2415471425617195,-0.0855653114449397,0.1201708389973764,84580777
63,20201203,1273,1708,14,0.0,0.0,-24.827698095041146,19.033811429753122,-24.0,-15.0,-20.863131902890892,8.827698095041146,-0.1081401395322958,0.124976941781937,84580777
64,20201204,1230,1715,8,0.0,0.0,-24.24154714256172,19.206113334711976,-23.0,-14.586150952479427,-19.276980950411463,10.24154714256172,-0.1097835652625891,0.1263159686728818,84580777
65,20201205,1226,1803,7,0.0,0.0,-23.13849047520573,17.136868097109108,-19.0,-11.413849047520573,-10.724641427685158,7.0,-0.0550297850286951,0.1173340492654731,84580777
66,20201206,1289,1907,11,0.0,0.0,-15.310792380164585,12.619962382232549,-12.0,-10.172301904958854,-2.069245237602866,4.586150952479427,-0.0573203454873676,0.1296524663867772,84580777
67,20201207,833,1457,7,0.0,0.0,-20.655396190082293,16.86150952479427,-19.0,-11.827698095041146,-20.276980950411463,7.2415471425617195,-0.0557308083279963,0.1155700527578506,84580777
68,20201208,1233,1505,7,0.0,0.0,-23.896943332644014,9.550717144629683,-21.0,-21.655396190082293,-25.276980950411463,11.24154714256172,-0.1465459292578974,0.137865864876129,84580777
69,20201209,1339,1538,6,0.0,0.0,-16.069245237602864,22.550717144629683,-14.0,-4.0,-19.276980950411463,6.827698095041146,-0.0537847713399464,0.1147081584001055,84580777
70,20201210,1181,1363,4,0.0,0.0,-16.896943332644014,21.550717144629687,-14.0,-2.6553961900822927,-20.690829997932035,8.413849047520573,-0.0378841474960675,0.11376330348384,84580777
71,20201211,1132,1021,5,0.0,0.0,-17.48309428512344,21.37841523967083,-15.0,-2.2415471425617195,-19.10467904545261,10.413849047520573,-0.0524437174920963,0.1163988959427506,84580777
72,20201212,1145,1230,7,0.0,0.0,-20.2077357128086,17.723019049588537,-14.0,-6.069245237602866,-18.896943332644014,10.172301904958854,-0.0484878766010863,0.1166408574662301,84580777
73,20201213,1079,1222,9,0.0,0.0,-11.380037617767451,11.033811429753122,-6.0,-3.413849047520573,1.1030566673559878,6.7584528574382805,-0.0575105386936797,0.1276231785374825,84580777
74,20201214,689,1172,5,0.0,0.0,-20.13849047520573,15.964566192150256,-16.0,-8.310792380164585,-16.10467904545261,11.827698095041146,-0.0826240028191039,0.1176290605013004,84580777
75,20201215,991,1159,8,0.0,0.0,-17.724641427685157,19.37841523967083,-14.0,-5.069245237602866,-17.10467904545261,10.413849047520573,-0.0691865793486385,0.1218167647381626,84580777
76,20201216,1014,1337,6,0.0,0.0,-17.13849047520573,21.964566192150258,-13.0,-2.069245237602866,-16.276980950411463,9.827698095041146,-0.0692604641756838,0.1155510470245502,84580777
77,20201217,1043,1015,5,0.0,0.0,-18.310792380164585,19.964566192150258,-15.0,-3.896943332644012,-17.690829997932035,10.827698095041146,-0.0678349354593893,0.1164596342099103,84580777
78,20201218,1009,1216,2,0.0,0.0,-17.896943332644014,20.964566192150258,-15.0,-3.6553961900822927,-16.518528092973185,11.413849047520573,-0.069394625671741,0.1181760416869899,84580777
79,20201219,1106,1218,8,0.0,0.0,-19.62158476032917,17.309170002067965,-13.0,-2.896943332644012,-7.966188570246878,9.0,-0.0362308767816119,0.112860575423775,84580777
80,20201220,1030,1232,5,0.0,0.0,-9.966188570246878,10.206113334711976,-5.0,-0.8276980950411463,1.6892076198354147,6.172301904958854,-0.0308671129736724,0.1217400087808368,84580777
81,20201221,530,1034,4,0.0,0.0,-18.13849047520573,17.964566192150258,-14.0,-3.7246414276851585,-15.518528092973183,10.827698095041146,-0.0541682131896234,0.1125451459885501,84580777
82,20201222,1019,1047,7,0.0,0.0,-17.966188570246878,17.964566192150258,-13.0,-4.483094285123439,-16.518528092973185,10.827698095041146,-0.0724383269749343,0.1224269465008579,84580777
83,20201223,1014,1063,7,0.0,0.0,-16.552339522726307,22.30917000206796,-12.0,-0.06924523760286583,-15.690829997932036,9.413849047520573,-0.064324892338953,0.1169251996522803,84580777
84,20201224,931,739,6,0.0,0.0,-14.380037617767451,27.48147190702682,-9.0,3.033811429753122,-20.276980950411463,8.827698095041146,-0.0397246476290942,0.1128703925378931,84580777
85,20201225,873,845,5,0.0,0.0,-10.380037617767451,20.7922642871914,-5.0,-3.896943332644012,-38.96618857024688,14.0,-0.0988016079770702,0.118881058645394,84580777
86,20201226,599,978,3,0.0,0.0,-18.863131902890892,14.481471907026817,-11.0,-7.552339522726305,-16.552339522726307,11.0,-0.0799043139980849,0.1192116612327881,84580777
87,20201227,821,931,4,0.0,0.0,-9.793886665288024,7.964566192150256,-4.0,-0.3107923801645853,2.516905714876561,6.172301904958854,-0.0505354139140859,0.124813799720946,84580777
88,20201228,417,961,6,0.0,0.0,-16.552339522726307,15.964566192150256,-12.0,-2.1384904752057317,-15.518528092973183,9.827698095041146,-0.0254929039722583,0.1085372738265339,84580777
89,20201229,723,991,4,0.0,0.0,-17.552339522726307,17.550717144629683,-13.0,-3.896943332644012,-16.10467904545261,10.413849047520573,-0.0580790608370741,0.1189521028464895,84580777
90,20201230,823,1064,7,0.0,0.0,-17.966188570246878,23.723019049588537,-13.0,-1.6553961900822927,-13.690829997932036,10.413849047520573,-0.0803328402594362,0.1172403101757979,84580777
91,20201231,753,644,7,0.0,0.0,-13.896943332644012,41.481471907026815,-11.0,5.516905714876561,-14.10467904545261,8.413849047520573,-0.0712512747207323,0.108869424681568,84580777
92,20210101,787,967,3,0.0,0.0,-9.966188570246878,16.550717144629683,-5.0,-9.483094285123439,-31.51852809297318,13.827698095041146,-0.1322216017957602,0.1135201043335177,84580777
93,20210102,531,814,5,0.0,0.0,-21.2077357128086,17.481471907026815,-15.0,-4.896943332644012,-5.966188570246878,10.172301904958854,-0.0772795884689023,0.1130360898823381,84580777
94,20210103,626,926,7,0.0,0.0,-10.138490475205732,13.550717144629683,-6.0,0.5861509524794268,4.689207619835415,6.7584528574382805,-0.0337518068936633,0.1208113828281572,84580777
95,20210104,366,770,5,0.0,0.0,-17.724641427685157,19.964566192150258,-14.0,-2.3107923801645853,-12.932377140493756,10.827698095041146,-0.0457284720231406,0.1097177276602696,84580777
96,20210105,630,595,7,0.0,0.0,-18.310792380164585,18.206113334711976,-15.0,-3.2415471425617195,-14.518528092973183,10.413849047520573,-0.0597131804879257,0.1179721729511896,84580777
97,20210106,706,900,5,0.0,0.0,-13.552339522726305,20.309170002067965,-9.0,-3.6553961900822927,-13.518528092973183,9.827698095041146,-0.0687147640105032,0.1162527257911097,84580777
98,20210107,674,673,4,0.0,0.0,-13.724641427685158,22.723019049588537,-10.0,-3.483094285123439,-15.518528092973183,10.413849047520573,-0.060656426328999,0.1152557837757863,84580777
99,20210108,665,705,3,0.0,0.0,-10.483094285123439,24.723019049588537,-8.0,-0.2415471425617195,-14.932377140493756,9.413849047520573,-0.0156904310863684,0.1082890714500057,84580777
100,20210109,497,897,3,0.0,0.0,-13.035433807849744,22.2399247644651,-6.0,-3.3107923801645853,-14.724641427685158,8.586150952479427,-0.0179386370450344,0.1091706755545648,84580777
101,20210110,578,704,3,0.0,0.0,-5.966188570246878,18.481471907026815,-1.0,-0.6553961900822927,7.447660477273695,4.172301904958854,-0.0179210043607189,0.1152946354829537,84580777
102,20210111,345,674,3,0.0,0.0,-10.207735712808597,26.826075716944523,-4.0,-2.966188570246878,-13.518528092973183,8.24154714256172,-0.01893768384464,0.1032231064895514,84580777
103,20210112,498,527,4,0.0,0.0,-6.86313190289089,35.44603809917707,1.0,3.964566192150256,-17.863131902890892,7.2415471425617195,-0.0052106393429088,0.108215453394688,84580777
104,20210113,534,625,4,0.0,0.0,-11.10467904545261,25.929132384300512,-2.0,-5.035433807849744,-34.48309428512344,8.827698095041146,-0.0957928289380694,0.1152801672099796,84580777
105,20210114,455,457,5,0.0,0.0,-6.932377140493756,1.067622859506244,3.0,-21.276980950411463,-59.13849047520573,13.655396190082293,-0.2051910515818505,0.1301615649859778,84580777
106,20210115,296,485,3,0.0,0.0,-8.587773330576049,-0.035433807849743815,3.0,-22.552339522726307,-48.93075476239713,11.413849047520573,-0.1840733097589065,0.1252032648988315,84580777
107,20210116,363,743,1,0.0,0.0,-12.829320473137768,4.653773811985671,0.0,-13.793886665288024,-27.344603809917707,6.0,-0.0646571138747046,0.1102160958893768,84580777
108,20210117,460,630,3,0.0,0.0,-8.86313190289089,1.550717144629683,-1.0,-5.966188570246878,-8.0,2.0,-0.0290284944342613,0.1175982156178347,84580777
109,20210118,287,609,3,0.0,0.0,-13.793886665288024,14.309170002067964,-8.0,-7.380037617767451,-19.863131902890892,6.655396190082293,0.0132426689499435,0.1028680021232247,84580777
110,20210119,435,529,3,0.0,0.0,-14.966188570246878,14.723019049588537,-10.0,-11.896943332644012,-19.276980950411463,8.24154714256172,-0.0370992389813349,0.1137730342736151,84580777
111,20210120,440,547,2,0.0,0.0,-15.552339522726305,17.309170002067965,-11.0,-10.483094285123439,-15.86313190289089,7.827698095041146,-0.057427636879595,0.1119508241883377,84580777
112,20210121,365,478,1,0.0,0.0,-17.724641427685157,16.136868097109108,-14.0,-13.069245237602866,-16.276980950411463,9.827698095041146,-0.0738398151666306,0.114961631223487,84580777
113,20210122,351,518,6,0.0,0.0,-16.310792380164585,16.37841523967083,-13.0,-11.413849047520573,-14.690829997932036,10.827698095041146,-0.0740644052331181,0.1150521723559006,84580777
114,20210123,379,603,3,0.0,0.0,-15.62158476032917,13.309170002067964,-9.0,-9.069245237602866,-8.552339522726305,8.0,-0.0207492982563875,0.1091057791185815,84580777
115,20210124,355,531,1,0.0,0.0,-6.380037617767451,10.792264287191403,-1.0,-8.0,1.3446038099177073,5.172301904958854,-0.0219809168829224,0.1188720131958589,84580777
116,20210125,204,443,3,0.0,0.0,-11.552339522726305,17.37841523967083,-7.0,-9.655396190082293,-15.10467904545261,8.827698095041146,-0.0290015559116937,0.1065711708564701,84580777
117,20210126,361,552,3,0.0,0.0,-3.3107923801645853,15.550717144629683,0.0,-14.069245237602866,-39.10467904545261,13.24154714256172,-0.079252289950233,0.1208962094372815,84580777
118,20210127,258,496,3,0.0,0.0,-14.483094285123439,17.550717144629683,-12.0,-9.413849047520573,-13.10467904545261,8.827698095041146,-0.0616112272495439,0.1116000122011175,84580777
119,20210128,303,434,1,0.0,0.0,-15.24154714256172,18.37841523967083,-14.0,-11.24154714256172,-14.10467904545261,9.827698095041146,-0.072654449324697,0.1138165751705024,84580777
120,20210129,322,531,2,0.0,0.0,-15.586150952479427,20.61996238223255,-16.0,-9.586150952479427,-13.10467904545261,9.24154714256172,-0.0798081715955387,0.1148961431774267,84580777
121,20210130,315,514,3,0.0,0.0,-14.896943332644012,21.550717144629687,-12.0,-6.413849047520573,-4.966188570246878,5.0,-0.0328517970008717,0.1080179085601212,84580777
122,20210131,279,403,1,0.0,0.0,-7.0,20.447660477273693,-7.0,-3.7584528574382805,2.930754762397134,2.586150952479427,-0.0208909961903045,0.1154594302810672,84580777
123,20210201,182,363,3,0.0,0.0,-14.0,25.206113334711972,-14.0,-6.827698095041146,-14.10467904545261,5.655396190082293,-0.0346441387543649,0.1035721749136922,84580777
124,20210202,256,368,3,0.0,0.0,-13.413849047520573,26.792264287191404,-13.0,-6.586150952479427,-14.690829997932036,5.2415471425617195,-0.0506225923119623,0.1116182760851203,84580777
125,20210203,280,326,3,0.0,0.0,-16.827698095041146,27.61996238223255,-16.0,-7.7584528574382805,-13.86313190289089,5.2415471425617195,-0.0844715720516495,0.1135216843007956,84580777
126,20210204,256,285,2,0.0,0.0,-19.41384904752057,27.033811429753122,-19.0,-9.586150952479427,-15.86313190289089,6.2415471425617195,-0.0930969209890327,0.1138412307730395,84580777
127,20210205,266,368,2,0.0,0.0,-18.827698095041146,27.27535857231484,-18.0,-8.344603809917707,-13.86313190289089,7.2415471425617195,-0.0988966973948465,0.1159909064285375,84580777
128,20210206,236,280,2,0.0,0.0,-19.310792380164585,24.206113334711976,-16.0,-5.586150952479427,-6.310792380164585,4.413849047520573,-0.0466188641247644,0.1083866336511664,84580777
129,20210207,223,268,2,0.0,0.0,-9.24154714256172,18.103056667355986,-8.0,-4.344603809917707,-2.6553961900822927,2.586150952479427,-0.0390437898425785,0.1192204911001231,84580777
130,20210208,163,299,2,0.0,0.0,-17.827698095041146,24.103056667355986,-17.0,-5.0,-17.035433807849742,5.655396190082293,-0.0486757822299267,0.1065949726932633,84580777
131,20210209,219,301,1,0.0,0.0,-16.827698095041146,23.51690571487656,-16.0,-6.7584528574382805,-19.38003761776745,5.655396190082293,-0.066176821417117,0.1164524308907684,84580777
132,20210210,207,284,2,0.0,0.0,-18.24154714256172,27.447660477273693,-17.0,-5.7584528574382805,-14.62158476032917,5.2415471425617195,-0.1006301744643466,0.1133268075559296,84580777
133,20210211,233,197,0,0.0,0.0,-18.41384904752057,25.7922642871914,-18.0,-8.413849047520573,-14.276980950411463,7.2415471425617195,-0.1136123410377277,0.1173190547576785,84580777
134,20210212,211,258,2,0.0,0.0,-14.0,27.447660477273693,-14.0,0.5861509524794268,-15.035433807849744,5.655396190082293,-0.0695975705114413,0.11150817128081,84580777
135,20210213,205,256,0,0.0,0.0,-11.552339522726305,19.61996238223255,-7.0,-2.413849047520573,-18.75845285743828,4.0,-0.0208822302131369,0.1073182723353321,84580777
136,20210214,201,294,2,0.0,0.0,-3.3107923801645853,19.033811429753122,0.0,0.7584528574382805,-3.2415471425617195,1.4138490475205732,-0.0053831730961752,0.1136120446539525,84580777
137,20210215,129,238,3,0.0,0.0,-12.24154714256172,23.033811429753122,-11.0,-2.6553961900822927,-14.86313190289089,4.655396190082293,-0.0229226025062408,0.1025641855722134,84580777
138,20210216,189,301,1,0.0,0.0,-11.827698095041146,21.61996238223255,-11.0,-2.413849047520573,-16.863131902890892,4.655396190082293,-0.0325294085404299,0.1110930321215895,84580777
139,20210217,199,207,3,0.0,0.0,-14.655396190082293,24.033811429753122,-13.0,-3.7584528574382805,-14.793886665288024,5.2415471425617195,-0.0780916349147513,0.1114674414360132,84580777
140,20210218,230,155,3,0.0,0.0,-15.24154714256172,27.55071714462968,-14.0,-3.2415471425617195,-14.449282855370317,6.2415471425617195,-0.0738800896699021,0.1111629030158945,84580777
141,20210219,244,226,2,0.0,0.0,-19.655396190082293,19.206113334711976,-18.0,-4.586150952479427,-12.86313190289089,8.24154714256172,-0.0982711653845412,0.1176248845356433,84580777
142,20210220,211,227,0,0.0,0.0,-15.310792380164585,21.7922642871914,-12.0,-1.4138490475205732,-4.896943332644012,5.0,-0.0660301689178145,0.1119751279744095,84580777
143,20210221,251,218,1,0.0,0.0,-7.413849047520573,16.689207619835415,-7.0,-2.7584528574382805,-3.413849047520573,3.0,-0.0712920341742663,0.1247904538540713,84580777
144,20210222,155,214,1,0.0,0.0,-12.655396190082293,22.792264287191404,-11.0,-3.069245237602866,-12.86313190289089,5.655396190082293,-0.0513311569498823,0.107469413236296,84580777
145,20210223,70,84,1,0.0,0.0,-12.655396190082293,21.61996238223255,-11.0,-4.413849047520573,-13.276980950411463,5.655396190082293,-0.062694583737981,0.1158045459666325,84580777
146,20210224,439,363,4,0.008936392249033134,0.002684132353146862,-14.655396190082293,24.7922642871914,-13.0,-4.172301904958854,-10.86313190289089,5.2415471425617195,-0.0885983891162409,0.1153809131946139,84580777
147,20210225,289,173,1,0.009315544594725111,0.002892040114504978,-15.827698095041146,24.206113334711976,-15.0,-4.586150952479427,-12.449282855370317,6.2415471425617195,-0.090294166284261,0.1150759998808003,84580777
148,20210226,285,200,3,0.009687532191859622,0.0031846006806014564,-15.827698095041146,25.447660477273693,-15.0,-3.1723019049588537,-10.86313190289089,7.2415471425617195,-0.1000625087639003,0.1165443896627953,84580777
149,20210227,296,234,1,0.009687532191859622,0.0031846006806014564,-14.138490475205732,22.206113334711976,-10.0,-3.0,-5.310792380164585,4.413849047520573,-0.0504691032270843,0.1098211218739454,84580777
150,20210228,293,229,1,0.009687532191859622,0.0031846006806014564,-6.827698095041146,20.86150952479427,-6.0,-1.1723019049588537,1.1723019049588537,2.586150952479427,-0.0496623541184777,0.1207179327803999,84580777
151,20210301,174,216,0,0.00987762266596345,0.00322118109650376,-12.827698095041146,25.033811429753122,-12.0,-2.8276980950411463,-10.10467904545261,5.655396190082293,-0.0547297243055594,0.1063737435970823,84580777
152,20210302,269,214,1,0.010143167637251666,0.0032723274698694244,-12.827698095041146,25.619962382232547,-12.0,-4.0,-11.690829997932036,5.2415471425617195,-0.0720788857195057,0.1148798102679997,84580777
153,20210303,303,245,1,0.010558675761514936,0.0033145001730121256,-14.24154714256172,28.61996238223255,-13.0,-3.7584528574382805,-9.86313190289089,5.2415471425617195,-0.0919000134769393,0.1135388811976745,84580777
154,20210304,254,170,3,0.01104450719340164,0.0033907822814160243,-14.827698095041146,29.206113334711972,-14.0,-4.0,-11.276980950411463,6.2415471425617195,-0.0959452254847458,0.1142028032135481,84580777
155,20210305,290,243,3,0.0115134790024452,0.0035245360775061217,-15.586150952479427,25.51690571487656,-16.0,-8.033811429753122,-16.310792380164585,9.0,-0.1185457075790401,0.1198072481910399,84580777
156,20210306,285,289,2,0.012180911981927053,0.0037202070158329236,-13.724641427685158,26.37841523967083,-10.0,-2.0,-0.5523395227263048,4.413849047520573,-0.0538439215561947,0.1078997160178606,84580777
157,20210307,294,265,2,0.012180911981927053,0.0037202070158329236,-5.655396190082293,24.275358572314843,-4.0,-1.7584528574382805,0.9307547623971342,3.586150952479427,-0.0578080618654047,0.120755647075576,84580777
158,20210308,185,250,3,0.013008026634704479,0.004007920144786563,-11.24154714256172,26.447660477273693,-10.0,-3.0,-11.86313190289089,5.655396190082293,-0.056112704705704,0.1057034301480819,84580777
159,20210309,260,267,2,0.01372012697400498,0.004302147756339482,-11.655396190082293,26.61996238223255,-10.0,-1.4138490475205732,-13.62158476032917,5.2415471425617195,-0.0670017490311066,0.1137535602174711,84580777
160,20210310,309,269,3,0.014381069116922395,0.0044987881820948514,-11.069245237602866,30.17230190495885,-9.0,-0.6892076198354147,-22.344603809917707,6.586150952479427,-0.111075047977982,0.1162506521731291,84580777
161,20210311,368,194,5,0.01446741261315204,0.004512727519634869,-6.138490475205732,22.275358572314843,-2.0,-8.069245237602866,-38.896943332644014,11.069245237602866,-0.1539452604346493,0.1230971386882624,84580777
162,20210312,391,303,2,0.01494563002181926,0.004628084700617021,-11.483094285123439,23.964566192150254,-9.0,-4.2415471425617195,-19.690829997932035,8.069245237602866,-0.0970541837290049,0.1126237620753945,84580777
163,20210313,391,300,4,0.01564612015801179,0.00474834843382912,-15.138490475205732,22.550717144629683,-11.0,-6.0,-14.655396190082293,7.0,-0.0927271400944921,0.1168218672850451,84580777
164,20210314,526,316,3,0.015928276468777296,0.004806092050916014,-9.0,19.689207619835415,-9.0,-0.516905714876561,-1.8276980950411463,3.1723019049588537,-0.0615530475119659,0.1203057197627777,84580777
165,20210315,304,269,2,0.017209631450891022,0.004963279067535641,-12.827698095041146,25.033811429753122,-12.0,-1.4138490475205732,-11.449282855370317,6.2415471425617195,-0.0366409358606388,0.1058243420724309,84580777
166,20210316,465,295,2,0.018240161118406373,0.0051375030522597355,-13.586150952479427,23.033811429753122,-14.0,-4.172301904958854,-13.035433807849744,6.2415471425617195,-0.0594236444407456,0.1157326069183544,84580777
167,20210317,500,295,4,0.01948771409371186,0.00529459548473999,-15.413849047520573,26.61996238223255,-15.0,-3.930754762397134,-9.035433807849744,6.2415471425617195,-0.0883130233971485,0.1146342397014158,84580777
168,20210318,496,228,3,0.020926729013142076,0.005534827375728648,-15.586150952479427,26.61996238223255,-16.0,-4.586150952479427,-10.449282855370317,7.2415471425617195,-0.0833966683933395,0.1136404517146963,84580777
169,20210319,559,273,3,0.022320343545673506,0.005787958178724227,-15.586150952479427,28.861509524794272,-16.0,-2.3446038099177073,-7.86313190289089,7.827698095041146,-0.0872251228574076,0.1145142381560292,84580777
170,20210320,744,393,4,0.023713615210699708,0.005919950345218512,-15.138490475205732,24.206113334711976,-11.0,-2.0,-0.3107923801645853,5.0,-0.0346664851185985,0.1072289486964632,84580777
171,20210321,762,457,3,0.023713615210699708,0.005919950345218512,-8.24154714256172,22.689207619835415,-7.0,-3.3446038099177073,1.1723019049588537,4.586150952479427,-0.0561468157131022,0.1238295446181583,84580777
172,20210322,647,295,4,0.025480104066672265,0.006044423072632686,-14.24154714256172,25.86150952479427,-13.0,-3.413849047520573,-8.86313190289089,6.655396190082293,-0.0456370608076821,0.1074954797085867,84580777
173,20210323,904,472,5,0.02749607041325714,0.006328943986882504,-14.24154714256172,25.033811429753122,-13.0,-4.0,-10.86313190289089,6.655396190082293,-0.0578915779298173,0.1165683355481588,84580777
174,20210324,1016,479,6,0.029261554312748864,0.006469980761704281,-14.827698095041146,28.447660477273697,-14.0,-1.9307547623971342,-10.276980950411463,6.2415471425617195,-0.0631753563803274,0.1136752854358384,84580777
175,20210325,1251,388,8,0.031208497883626677,0.006652232575257614,-16.41384904752057,29.619962382232547,-16.0,-3.0,-11.518528092973183,7.2415471425617195,-0.0706675002691214,0.1139154739597627,84580777
176,20210326,1502,510,5,0.032740654534303935,0.006839083542587933,-18.75845285743828,21.0,-20.0,-11.033811429753122,-17.552339522726307,11.0,-0.1327303472942794,0.1256990252468359,84580777
177,20210327,1442,624,2,0.03451947479744718,0.007007242319374767,-16.13849047520573,24.7922642871914,-12.0,-2.6553961900822927,-4.380037617767451,5.827698095041146,-0.0454404338151208,0.1118290001196134,84580777
178,20210328,1540,602,5,0.03465917557130032,0.007025887217848566,-11.724641427685158,16.033811429753122,-8.0,-7.655396190082293,0.6892076198354147,5.413849047520573,-0.0870216754526859,0.1281164669904841,84580777
179,20210329,1400,595,7,0.03529671996274047,0.007074598049625389,-15.069245237602866,19.48147190702682,-13.0,-14.793886665288024,-32.24316952065834,12.724641427685158,-0.1407818673056172,0.1276853584484096,84580777
180,20210330,1456,844,7,0.037316008577220804,0.007216616134893157,-15.655396190082293,23.86150952479427,-14.0,-6.827698095041146,-12.518528092973183,6.655396190082293,-0.0788835451859232,0.1180717213060126,84580777
181,20210331,1868,850,7,0.03875453875293673,0.0073668512172689075,-16.655396190082293,25.275358572314843,-15.0,-6.586150952479427,-12.276980950411463,6.655396190082293,-0.1168541252358086,0.119804888559489,84580777
182,20210401,2158,801,7,0.040842164408113675,0.007560051144954604,-17.24154714256172,28.206113334711976,-16.0,-5.655396190082293,-13.10467904545261,7.655396190082293,-0.1174701476264518,0.1198687284471269,84580777
183,20210402,2253,922,10,0.043090985082816155,0.007768337242870209,-15.827698095041146,31.86150952479427,-15.0,-8.586150952479427,-30.724641427685157,12.413849047520573,-0.1391962256647275,0.128625547843572,84580777
184,20210403,2476,1118,15,0.04471856530710282,0.007940799597998491,-15.966188570246878,26.37841523967083,-11.0,-4.483094285123439,-4.552339522726305,5.827698095041146,-0.0686813974700185,0.1128351713629918,84580777
185,20210404,3051,1135,10,0.04564346813697396,0.008021420753796102,-10.24154714256172,20.86150952479427,-9.0,-4.413849047520573,-2.069245237602866,5.0,-0.0839130248751439,0.1264304603651252,84580777
186,20210405,2423,1179,11,0.04772405909678508,0.00824443833141897,-14.655396190082293,27.61996238223255,-13.0,-9.069245237602866,-24.2077357128086,10.655396190082293,-0.1013798014644627,0.1197657237643962,84580777
187,20210406,3439,1080,13,0.04926406623103025,0.008484102717571393,-12.896943332644012,28.206113334711976,-10.0,-4.483094285123439,-13.518528092973183,7.069245237602866,-0.073932032856591,0.1181867158503403,84580777
188,20210407,4245,1138,16,0.05129900852057673,0.008705547833877194,-13.896943332644012,29.033811429753122,-11.0,-4.655396190082293,-15.449282855370317,7.069245237602866,-0.1026042680033549,0.1196181658279161,84580777
189,20210408,4613,1218,13,0.053504426898324665,0.008925503249987879,-17.41384904752057,27.86150952479427,-17.0,-8.413849047520573,-21.13849047520573,8.655396190082293,-0.1229902584422935,0.1228945070206673,84580777
190,20210409,5243,1608,16,0.05548258323519539,0.009184675614885875,-18.069245237602864,30.37841523967083,-16.0,-3.069245237602866,-13.10467904545261,8.655396190082293,-0.0880370414781127,0.1188290210446991,84580777
191,20210410,6218,1637,18,0.059692700623925454,0.009679717177343972,-17.966188570246878,26.550717144629683,-13.0,-5.310792380164585,-13.552339522726305,7.827698095041146,-0.0810851956095177,0.119020427789993,84580777
192,20210411,6682,1985,16,0.06177877746382018,0.00980649539315535,-14.896943332644012,20.7922642871914,-12.0,-7.655396190082293,1.1030566673559878,7.0,-0.1191032258589915,0.1346051239694806,84580777
193,20210412,5514,1656,17,0.06340835577805108,0.009963493241496233,-12.310792380164585,41.136868097109115,-9.0,-3.552339522726305,-18.10467904545261,8.483094285123439,-0.0953665398799776,0.1171168284580786,84580777
194,20210413,7280,2261,17,0.06373653909563871,0.010001504242506546,-15.552339522726305,11.964566192150256,-11.0,-20.38003761776745,-51.79388666528803,15.896943332644012,-0.2247393928803704,0.1487595468101457,84580777
195,20210414,6314,2427,26,0.07220972916813001,0.010740903929033426,-20.552339522726307,19.964566192150258,-16.0,-13.896943332644012,-35.72464142768516,11.655396190082293,-0.1872034544899014,0.1363509076522198,84580777
196,20210415,8393,2642,22,0.0743428970864148,0.01102038823786166,-20.896943332644014,26.30917000206796,-18.0,-9.138490475205732,-16.932377140493756,9.483094285123439,-0.1305816708807251,0.1286001747375766,84580777
197,20210416,9936,3392,29,0.07632342984978727,0.01124053282225109,-22.069245237602864,25.7922642871914,-20.0,-11.483094285123439,-15.518528092973183,12.069245237602866,-0.1525478390134675,0.1337146043106225,84580777
198,20210417,11670,3746,27,0.07798041391840134,0.011412061159003067,-24.38003761776745,20.136868097109108,-19.0,-14.310792380164585,-9.380037617767451,10.827698095041146,-0.133537055863178,0.1334323862575771,84580777
199,20210418,11675,3898,37,0.07808328599298632,0.011456314713211964,-23.48309428512344,14.033811429753122,-21.0,-15.655396190082293,-6.069245237602866,10.413849047520573,-0.1698560988869847,0.1557175330141504,84580777
200,20210419,9972,4447,41,0.08137838459440967,0.011902042470004738,-23.069245237602864,21.7922642871914,-21.0,-15.724641427685158,-17.932377140493756,12.483094285123439,-0.1402746954130014,0.1352221000861697,84580777
201,20210420,14913,5325,53,0.08390704426846303,0.013050270275951709,-25.966188570246878,20.826075716944523,-21.0,-16.966188570246878,-22.518528092973185,12.896943332644012,-0.1368560372676642,0.1435534132577192,84580777
202,20210421,16258,6246,58,0.08539912089008121,0.013484210484375191,-31.724641427685157,12.550717144629683,-28.0,-26.896943332644014,-39.13849047520573,18.655396190082293,-0.257152953461163,0.1656980353674216,84580777
203,20210422,16326,6243,54,0.08853371020698947,0.017128608312501077,-30.896943332644014,16.89532095454739,-28.0,-21.552339522726307,-24.276980950411463,14.483094285123439,-0.2022193224285466,0.1490532879235668,84580777
204,20210423,17972,7493,67,0.09219126705350555,0.018557372675826803,-31.655396190082293,16.61996238223255,-30.0,-22.48309428512344,-24.276980950411463,16.655396190082293,-0.2144461903493745,0.1575564392775678,84580777
205,20210424,19130,6578,70,0.09511000354134841,0.019277607251113334,-34.13849047520573,11.13686809710911,-30.0,-25.310792380164585,-19.724641427685157,15.827698095041146,-0.2031799605679904,0.1584781092054758,84580777
206,20210425,20760,7611,107,0.09585205158377771,0.019425335853795717,-33.24154714256172,4.861509524794268,-32.0,-27.827698095041146,-13.827698095041146,14.0,-0.2481971225655683,0.1821945521727708,84580777
207,20210426,16432,8271,94,0.10058559759979505,0.020892052103044643,-31.655396190082293,14.37841523967083,-30.0,-26.48309428512344,-27.035433807849742,17.069245237602864,-0.2028792484752179,0.1577132032520817,84580777
208,20210427,21556,13501,116,0.10335422905845379,0.021714496663940555,-33.65539619008229,10.033811429753122,-32.0,-27.655396190082293,-31.2077357128086,17.24154714256172,-0.2186721104593305,0.1690729358261865,84580777
209,20210428,22730,11526,127,0.10536486322418154,0.022628463202696753,-33.82769809504115,13.275358572314842,-33.0,-28.0,-31.380037617767453,17.24154714256172,-0.2460579196472739,0.1709025805233499,84580777
210,20210429,22786,12197,115,0.10640083147971081,0.023265085398778022,-36.41384904752057,11.447660477273695,-36.0,-29.24154714256172,-32.79388666528802,18.827698095041146,-0.2525833424017847,0.1735077361720146,84580777
211,20210430,25000,14394,117,0.1095430584658734,0.024778774496242804,-35.41384904752057,13.447660477273695,-35.0,-27.827698095041146,-31.2077357128086,18.827698095041146,-0.2514059813637087,0.1726417051534061,84580777
212,20210501,27166,18121,112,0.1103940674368598,0.02544292067688146,-37.72464142768516,7.378415239670829,-34.0,-31.483094285123443,-37.310792380164585,19.827698095041146,-0.2611941041329048,0.1793076669685831,84580777
213,20210502,31350,16978,139,0.11035922500451846,0.02541440355886066,-36.41384904752057,2.6892076198354147,-36.0,-31.0,-18.58615095247943,15.172301904958854,-0.294304679809456,0.1965647605255505,84580777
214,20210503,24667,16433,120,0.1107760809527678,0.02570219944893625,-34.82769809504114,8.206113334711976,-34.0,-32.069245237602864,-35.5523395227263,19.24154714256172,-0.2520312034592682,0.1728087272668351,84580777
215,20210504,26910,19639,141,0.11142015164982463,0.02597980389799446,-34.41384904752057,12.964566192150256,-34.0,-31.24154714256172,-37.72464142768516,18.24154714256172,-0.2528247527080533,0.1810401955550727,84580777
216,20210505,28565,19254,136,0.11248613854658725,0.027893442028795738,-42.689207619835415,-5.861509524794268,-46.0,-38.861509524794265,-41.41384904752057,21.172301904958854,-0.3285859066717961,0.1909843637843384,84580777
217,20210506,27980,16692,124,0.11347441274983794,0.02967921422618286,-40.689207619835415,-0.6892076198354147,-44.0,-38.103056667355986,-42.24154714256172,21.75845285743828,-0.3254804553602055,0.193905593301537,84580777
218,20210507,28639,29932,160,0.11441226178378569,0.03082933371491728,-41.689207619835415,0.3107923801645853,-45.0,-38.27535857231484,-40.82769809504114,23.172301904958854,-0.3311934717360186,0.198970608213968,84580777
219,20210508,25251,27266,134,0.11462334993683021,0.03295550240688851,-44.758452857438286,-5.930754762397134,-46.0,-41.103056667355986,-39.689207619835415,22.930754762397136,-0.3260730872259543,0.1997867491821457,84580777
220,20210509,27140,26478,127,0.1146957895645721,0.033063623901208664,-41.103056667355986,-6.103056667355988,-44.0,-37.86150952479427,-23.689207619835415,17.51690571487656,-0.3411540313770113,0.2145882081142385,84580777
221,20210510,19812,23921,116,0.11473138867002841,0.03415811609297465,-40.27535857231484,-4.861509524794268,-44.0,-40.103056667355986,-41.24154714256172,22.75845285743828,-0.3193438741552351,0.1934200742048042,84580777
222,20210511,25146,21932,140,0.1147702627513105,0.035409665248168624,-38.61996238223255,7.484716663220061,-44.0,-35.55071714462968,-42.82769809504114,21.344603809917707,-0.3167402717306558,0.1971478231397661,84580777
223,20210512,26175,24790,120,0.11481563949217445,0.03606826643363657,-49.03543380784974,-18.9678109483435,-42.0,-48.03543380784974,-51.27698095041146,25.724641427685157,-0.4142638382920034,0.2228310044822596,84580777
224,20210513,27092,25514,122,0.11487455358798608,0.03684876292872079,-47.13849047520573,-10.760075235534902,-43.0,-45.138490475205735,-51.44928285537031,25.48309428512344,-0.3947646180351358,0.2161445366991604,84580777
225,20210514,26323,25538,125,0.11491135864121939,0.03732792617878174,-47.310792380164585,-12.932377140493756,-44.0,-47.310792380164585,-59.79388666528803,28.069245237602864,-0.4223295716115259,0.2248411209312962,84580777
226,20210515,26815,24765,130,0.11494630748071752,0.03816566972422114,-49.79388666528803,-20.173924283055477,-44.0,-48.13849047520573,-45.38003761776745,25.24154714256172,-0.3927656500785043,0.2169802283917301,84580777
227,20210516,27987,26993,128,0.11495743294011121,0.038278756885858356,-45.896943332644014,-17.38003761776745,-43.0,-44.82769809504114,-29.24154714256172,19.58615095247943,-0.4009369805668727,0.2315662700480985,84580777
228,20210517,22522,22893,139,0.11504274783382518,0.03886821706544502,-44.72464142768516,-17.518528092973185,-41.0,-46.5523395227263,-46.03543380784974,25.069245237602864,-0.3754974868672582,0.2102720368921415,84580777
229,20210518,25302,26460,126,0.11511278738903048,0.039532315954014,-44.55233952272631,-15.760075235534902,-40.0,-45.72464142768516,-47.03543380784974,24.069245237602864,-0.3787000310829492,0.2169643247601048,84580777
230,20210519,26997,29795,131,0.115195985962626,0.03985083986636822,-43.72464142768516,-12.518528092973183,-40.0,-44.48309428512344,-46.2077357128086,23.655396190082293,-0.3839494250259725,0.2115846225229167,84580777
231,20210520,26270,27924,137,0.11813168848046879,0.04005296617220719,-45.310792380164585,-13.932377140493756,-42.0,-47.896943332644014,-46.03543380784974,25.655396190082293,-0.3929580824263413,0.2154377412102752,84580777
232,20210521,24401,25612,129,0.11824270661405724,0.04032015454291701,-45.069245237602864,-12.86313190289089,-43.0,-45.069245237602864,-45.2077357128086,25.655396190082293,-0.3864724963958418,0.2158889663369964,84580777
233,20210522,23289,23059,139,0.11836570146429372,0.0404387157616204,-47.38003761776746,-17.760075235534902,-42.0,-44.896943332644014,-41.72464142768516,23.827698095041146,-0.3638836488391446,0.2102819676266393,84580777
234,20210523,21009,24802,123,0.11845323908528294,0.04047368824715337,-44.310792380164585,-16.2077357128086,-41.0,-41.82769809504115,-26.069245237602864,18.0,-0.377933340885601,0.2235826002440246,84580777
235,20210524,16037,22678,117,0.11955208214746005,0.040689623837340726,-43.13849047520573,-17.346226188014327,-39.0,-45.138490475205735,-44.44928285537032,24.48309428512344,-0.3583063264934302,0.2033495192388691,84580777
236,20210525,19105,25215,129,0.12111250763279226,0.04139213570951234,-42.13849047520573,-13.932377140493756,-38.0,-43.310792380164585,-45.03543380784974,23.069245237602864,-0.3605857692487266,0.2073063637643101,84580777
237,20210526,22047,27921,119,0.12477164876364283,0.042075151425955803,-41.55233952272631,-12.932377140493756,-37.0,-43.48309428512344,-44.62158476032917,23.069245237602864,-0.3776992068075941,0.2065684929671431,84580777
238,20210527,19781,25346,122,0.1317153423643767,0.042597125822100214,-41.55233952272631,-10.932377140493756,-37.0,-43.310792380164585,-44.03543380784974,23.069245237602864,-0.3842574017956823,0.2068883146322952,84580777
239,20210528,17956,24728,122,0.13773431048050078,0.043062657133074105,-39.13849047520573,-8.518528092973183,-35.0,-41.896943332644014,-41.44928285537031,23.655396190082293,-0.3693657609810087,0.2048324733656679,84580777
240,20210529,16738,24229,125,0.14114267358882268,0.04406411400074984,-41.62158476032917,-12.760075235534902,-35.0,-41.72464142768516,-35.13849047520573,21.827698095041146,-0.3501594670967612,0.2007084443876651,84580777
241,20210530,15201,24793,110,0.142034010872234,0.04412957804821301,-37.138490475205735,-10.793886665288024,-33.0,-38.41384904752057,-20.24154714256172,16.58615095247943,-0.3537474425155729,0.2134676222503843,84580777
242,20210531,10467,23309,116,0.14362459687500861,0.04462361465419028,-34.5523395227263,-5.793886665288024,-30.0,-38.896943332644014,-38.2077357128086,21.24154714256172,-0.309006534176554,0.1850087046846353,84580777
243,20210601,13796,21565,119,0.14676379716871127,0.04495159698048175,-32.55233952272631,-1.6215847603291706,-28.0,-36.06924523760287,-37.96618857024688,19.655396190082293,-0.3031798397022293,0.1888069048949503,84580777
244,20210602,15152,17854,115,0.14913143916850044,0.04524306982897544,-32.55233952272631,1.7922642871914025,-28.0,-35.24154714256172,-37.38003761776745,19.24154714256172,-0.3121274370171605,0.1829917553156315,84580777
245,20210603,13682,19266,99,0.15145833905025488,0.045413404040967845,-34.5523395227263,-0.8631319028908901,-30.0,-37.310792380164585,-37.79388666528803,21.24154714256172,-0.3404953852297904,0.1933183894364082,84580777
246,20210604,12588,19290,98,0.15666990148364326,0.04566132089328052,-32.55233952272631,2.3784152396708294,-28.0,-34.65539619008229,-35.79388666528803,21.24154714256172,-0.3049139033386984,0.1842148690089475,84580777
247,20210605,12443,19720,98,0.1593324095379261,0.04580469862555176,-35.79388666528803,-2.6215847603291706,-30.0,-34.069245237602864,-29.069245237602864,19.0,-0.2767673904721873,0.1760013391411621,84580777
248,20210606,10412,17182,104,0.1614189711215351,0.045866473891579405,-32.310792380164585,-0.483094285123439,-29.0,-32.58615095247943,-16.24154714256172,14.172301904958854,-0.3028259083164961,0.1944061558738104,84580777
249,20210607,6805,17229,102,0.16490332076282535,0.04604209299235924,-31.724641427685157,-3.7938866652880243,-28.0,-35.48309428512344,-34.2077357128086,19.24154714256172,-0.2746057011060563,0.1732562080796444,84580777
250,20210608,9693,17623,92,0.16734549506444,0.04616150546831699,-29.724641427685157,-0.38003761776745115,-26.0,-34.069245237602864,-35.2077357128086,18.655396190082293,-0.2814333725339269,0.1800789589155701,84580777
251,20210609,10579,14093,84,0.171606569658257,0.04634399374221875,-31.552339522726307,-0.2769809504114633,-27.0,-35.06924523760287,-33.79388666528803,18.655396190082293,-0.2999332965198463,0.1770230181239645,84580777
252,20210610,9908,15505,81,0.1765544196880575,0.046510710110880156,-31.483094285123443,3.7584528574382805,-29.0,-33.17230190495886,-32.55233952272631,19.0,-0.3015633240069431,0.1762324352920049,84580777
253,20210611,9946,13628,77,0.18119399636160827,0.04664680486441972,-29.069245237602864,12.516905714876561,-27.0,-29.344603809917707,-29.966188570246878,19.0,-0.2708895980953213,0.1738108323079132,84580777
254,20210612,8723,13961,71,0.18556284958224017,0.046833052857861546,-30.552339522726307,8.447660477273695,-26.0,-28.0,-31.0,16.172301904958854,-0.2328117884230361,0.1651604106358588,84580777
255,20210613,8050,14753,73,0.1882071974817635,0.0468835371422516,-26.069245237602864,6.172301904958854,-24.0,-25.51690571487656,-12.24154714256172,11.75845285743828,-0.251414654625483,0.1797850938010418,84580777
256,20210614,6060,12289,71,0.19472087611585787,0.047095772127986005,-28.13849047520573,4.033811429753122,-24.0,-29.24154714256172,-30.793886665288028,16.24154714256172,-0.2218175488238893,0.1606091074838435,84580777
257,20210615,7297,12637,67,0.197532708880175,0.047206021765442044,-26.724641427685157,6.861509524794268,-23.0,-28.0,-30.38003761776745,15.827698095041146,-0.2198598106284836,0.1667906214673341,84580777
258,20210616,8106,11664,68,0.1998807010250095,0.04730735684776223,-25.896943332644014,9.275358572314842,-23.0,-27.172301904958854,-30.552339522726307,14.413849047520573,-0.224906598855435,0.1588932488878649,84580777
259,20210617,7643,9661,71,0.20216054529742616,0.04740802984110681,-25.896943332644014,9.275358572314842,-23.0,-28.0,-30.966188570246878,15.413849047520573,-0.2337239196434669,0.1587412640640556,84580777
260,20210618,7758,10383,69,0.20438693770807995,0.04753532826968473,-26.48309428512344,10.103056667355988,-24.0,-27.172301904958854,-28.966188570246878,16.41384904752057,-0.2423471103039169,0.1648010132252627,84580777
261,20210619,7036,9827,55,0.20697907516266964,0.04768686388397685,-28.552339522726307,6.2753585723148415,-24.0,-26.172301904958854,-22.24154714256172,13.586150952479427,-0.1988878424001708,0.154578160367692,84580777
262,20210620,6652,9570,61,0.22418640112516347,0.04875358380781959,-20.0,12.552339522726305,-20.0,-19.61996238223255,-10.24154714256172,7.344603809917707,-0.2007077774175567,0.1635048591176929,84580777
263,20210621,3817,9211,53,0.22651075905817228,0.04893836574710114,-21.41384904752057,13.483094285123439,-21.0,-22.51690571487656,-29.966188570246878,12.0,-0.1609431432292233,0.1461704540376828,84580777
264,20210622,5344,10147,63,0.22864437625111908,0.04913800921928159,-19.827698095041146,16.24154714256172,-19.0,-21.51690571487656,-29.38003761776745,12.0,-0.1664151260003203,0.1532888238144229,84580777
265,20210623,5798,8604,48,0.230847914769097,0.04935705426305081,-19.41384904752057,18.655396190082293,-19.0,-18.86150952479427,-28.552339522726307,11.586150952479427,-0.1768472081431694,0.1477730899264498,84580777
266,20210624,6069,7975,47,0.23569700713437522,0.05020255370791876,-20.827698095041146,21.172301904958854,-20.0,-19.930754762397136,-28.38003761776745,12.413849047520573,-0.1825804830622447,0.1470485116395892,84580777
267,20210625,5519,7869,49,0.24018141852728547,0.050764229796564767,-19.58615095247943,23.827698095041146,-20.0,-17.275358572314843,-26.38003761776745,13.0,-0.1785455574107577,0.1472927219447275,84580777
268,20210626,5175,7262,47,0.24558060042413657,0.05182515644187095,-21.310792380164585,18.344603809917707,-18.0,-15.930754762397134,-21.827698095041146,10.75845285743828,-0.1342398630869754,0.1409412721576203,84580777
269,20210627,4998,7062,41,0.24715131193462553,0.051970437679947065,-20.13849047520573,9.447660477273695,-16.0,-16.75845285743828,-10.069245237602866,8.172301904958854,-0.166644450878005,0.1626641038439502,84580777
270,20210628,3217,6131,40,0.2513563454258643,0.05308045349358756,-17.0,19.069245237602864,-17.0,-16.51690571487656,-26.793886665288024,11.0,-0.1444850674838326,0.1397621819733342,84580777
271,20210629,4607,7119,48,0.25628666192082866,0.054242076778273154,-19.069245237602864,16.172301904958854,-17.0,-18.930754762397136,-27.38003761776745,10.413849047520573,-0.1570796105521707,0.148018974174711,84580777
272,20210630,4714,6504,45,0.2610775141022883,0.055496191528247606,-19.24154714256172,20.24154714256172,-18.0,-16.689207619835415,-26.966188570246878,9.586150952479427,-0.1712137791081063,0.1451462993776943,84580777
273,20210701,4710,5160,46,0.265330336229945,0.056569331350550256,-14.24154714256172,31.033811429753122,-13.0,-11.586150952479427,-26.793886665288024,9.827698095041146,-0.1472152766719086,0.138450643162571,84580777
274,20210702,4322,5459,44,0.2705460012503787,0.05761354024922235,-18.0,29.58615095247943,-18.0,-14.103056667355988,-24.793886665288024,13.0,-0.1850963043949099,0.1505109770353611,84580777
275,20210703,3778,5460,42,0.27325848519930246,0.05865045434614534,-16.48309428512344,30.10305666735599,-14.0,-8.930754762397134,-16.24154714256172,9.172301904958854,-0.1085890619517482,0.1329150106285971,84580777
276,20210704,3780,4780,36,0.2735116041792806,0.058812382392751016,-9.75845285743828,24.58615095247943,-11.0,-6.689207619835415,-8.069245237602866,5.7584528574382805,-0.101405291622587,0.145062392476839,84580777
277,20210705,2908,4496,33,0.2759750362662192,0.059948869942398376,-11.413849047520573,29.58615095247943,-11.0,-9.75845285743828,-24.2077357128086,9.413849047520573,-0.1040832049783604,0.1293699650480865,84580777
278,20210706,3826,4776,33,0.27751431037338425,0.06062748749636102,-11.655396190082293,28.516905714876557,-10.0,-10.930754762397134,-24.2077357128086,9.827698095041146,-0.1165119066232981,0.1399287868265859,84580777
279,20210707,3938,4767,28,0.27790267284964765,0.06106055280149531,-14.483094285123439,27.86150952479427,-12.0,-10.516905714876561,-24.793886665288024,9.413849047520573,-0.1370921879486872,0.1379514979845834,84580777
280,20210708,3713,4454,31,0.2789873401139363,0.06177687395801531,-13.827698095041146,35.689207619835415,-13.0,-9.930754762397134,-23.62158476032917,10.413849047520573,-0.1602014717102918,0.1392944653960793,84580777
281,20210709,3769,5563,20,0.2805155715228296,0.06265494581587966,-14.586150952479427,32.75845285743828,-15.0,-11.689207619835415,-21.793886665288024,12.413849047520573,-0.1816707573044641,0.1483454748152763,84580777
282,20210710,3629,4854,31,0.28245655629292693,0.06444482060031205,-15.310792380164585,31.447660477273693,-12.0,-9.344603809917707,-22.827698095041146,10.172301904958854,-0.1251200361095051,0.1398938849094517,84580777
283,20210711,3130,4100,20,0.28319224355198347,0.06516925234678324,-14.069245237602866,19.689207619835415,-12.0,-10.344603809917707,-7.483094285123439,7.586150952479427,-0.1568762348208269,0.1602611269807795,84580777
284,20210712,2274,3899,28,0.28628237832338665,0.0677945888342927,-13.896943332644012,26.61996238223255,-11.0,-10.0,-23.793886665288024,10.24154714256172,-0.1235539489894967,0.1361912478344813,84580777
285,20210713,3334,3882,21,0.29277463364991313,0.06968067933450174,-16.724641427685157,23.447660477273693,-13.0,-12.344603809917707,-24.793886665288024,10.827698095041146,-0.1414837992084182,0.1491559391359102,84580777
286,20210714,3340,3934,20,0.2943744770753288,0.07073455946142466,-15.483094285123439,29.86150952479427,-13.0,-10.930754762397134,-22.793886665288024,9.827698095041146,-0.1667601360147117,0.1452778878795355,84580777
287,20210715,3236,3741,28,0.29562882828565173,0.07198219519785211,-14.24154714256172,35.51690571487656,-13.0,-10.75845285743828,-23.2077357128086,10.827698095041146,-0.1792811304481159,0.1452811051365725,84580777
