,A & N Islands,Andhra Pradesh,Arunachal Pradesh,Assam,Bihar,Chandigarh,Chhattisgarh,Dadra & Nagar Haveli,Daman & Diu,Delhi,Goa,Gujarat,Haryana,Himachal Pradesh,Jammu & Kashmir,Jharkhand,Karnataka,Kerala,Ladakh,Lakshadweep,Madhya Pradesh,Maharashtra,Manipur,Meghalaya,Mizoram,Nagaland,Odisha,Puducherry,Punjab,Rajasthan,Sikkim,Tamil Naduv,Telangana,Tripura,Uttar Pradesh,Uttarakhand,West Bengal,Miscellaneous
20210224,"7,762","5,92,903","27,930","1,95,420","6,00,795","18,562","4,05,883","5,313","2,112","3,77,694","18,300","9,10,683","2,71,497","1,11,699","2,28,195","2,89,872","7,65,669","4,93,269","8,947","2,983","7,24,350","10,87,111","48,232","29,448","23,674","32,336","5,84,948","10,459","1,66,693","9,31,222","16,931","4,14,827","3,89,970","1,02,752","12,26,775","1,51,002","8,86,491","5,08,454"
20210225,"8,419","6,34,449","30,524","2,11,037","6,24,386","20,462","4,21,991","5,589","2,405","3,96,639","19,793","9,58,094","2,89,033","1,17,764","2,43,885","2,99,779","7,89,208","5,30,474","9,501","3,041","7,80,465","11,42,290","51,177","30,210","25,831","34,116","6,12,802","10,479","1,81,892","9,50,386","17,858","4,29,255","3,98,078","1,08,014","13,70,739","1,54,994","9,93,106","5,64,478"
20210226,"8,556","6,68,944","32,120","2,23,581","6,39,370","22,602","4,29,625","5,784","2,658","4,09,959","20,794","10,01,170","2,93,824","1,22,428","2,57,072","3,08,208","8,18,722","5,87,311","10,055","3,078","8,11,316","12,02,180","54,965","32,191","27,656","35,303","6,18,821","11,144","1,90,800","10,23,207","18,312","4,45,328","4,19,791","1,10,978","14,80,983","1,61,786","11,06,181","6,25,744"
20210227,"8,556","6,68,944","32,120","2,23,581","6,39,370","22,602","4,29,625","5,784","2,658","4,09,959","20,794","10,01,170","2,93,824","1,22,428","2,57,072","3,08,208","8,18,722","5,87,311","10,055","3,078","8,11,316","12,02,180","54,965","32,191","27,656","35,303","6,18,821","11,144","1,90,800","10,23,207","18,312","4,45,328","4,19,791","1,10,978","14,80,983","1,61,786","11,06,181","6,84,463"
20210228,"8,556","6,68,944","32,120","2,23,581","6,39,370","22,602","4,29,625","5,784","2,658","4,09,959","20,794","10,01,170","2,93,824","1,22,428","2,57,072","3,08,208","8,18,722","5,87,311","10,055","3,078","8,11,316","12,02,180","54,965","32,191","27,656","35,303","6,18,821","11,144","1,90,800","10,23,207","18,312","4,45,328","4,19,791","1,10,978","14,80,983","1,61,786","11,06,181","6,84,463"
20210301,"9,137","6,83,633","34,881","2,30,799","6,43,349","24,323","4,43,837","5,597","2,658","4,25,480","22,943","10,70,108","2,99,672","1,28,093","2,68,556","3,16,296","8,23,660","6,25,123","10,055","3,212","8,55,097","12,37,004","56,458","33,122","29,513","35,830","6,40,735","11,766","2,00,044","11,09,553","19,398","4,80,411","4,24,274","1,13,770","14,88,421","1,65,512","11,24,158","7,57,658"
20210302,"9,501","6,99,364","37,031","2,51,303","6,60,596","24,265","4,60,063","5,910","3,043","4,46,757","26,408","11,71,503","3,08,375","1,34,004","2,80,141","3,27,579","8,36,350","6,62,713","10,055","3,216","8,55,097","12,85,081","60,396","34,581","33,466","37,110","6,68,498","12,589","2,09,370","12,61,773","20,430","5,22,054","4,35,329","1,17,869","14,88,421","1,74,562","11,92,882","8,53,064"
20210303,"9,501","7,22,601","37,162","2,70,406","6,92,382","26,991","4,90,690","6,135","3,870","4,71,811","30,501","12,29,465","3,14,562","1,40,098","2,80,141","3,44,920","8,57,102","7,01,514","10,478","3,216","9,26,206","13,68,909","64,089","36,212","37,386","39,576","6,96,758","14,845","2,21,415","14,90,232","21,918","5,88,391","4,50,803","1,19,631","14,88,421","1,85,793","12,79,958","9,41,959"
20210304,"9,501","7,48,938","40,830","3,16,106","7,42,349","29,841","5,35,205","6,610","4,357","4,99,770","35,482","14,21,761","3,33,415","1,49,904","2,99,418","3,61,482","8,79,036","8,10,847","12,884","3,216","9,98,891","14,71,450","66,423","37,921","40,058","41,140","7,54,651","16,562","2,35,698","16,09,343","24,030","6,69,417","4,72,010","1,25,814","15,92,712","2,06,358","13,76,553","10,25,520"
20210305,"11,119","7,85,878","43,918","3,57,619","7,88,907","32,619","5,80,137","7,185","4,910","5,26,827","39,766","16,05,119","3,53,760","1,59,871","3,18,648","3,82,065","9,09,602","9,02,858","14,499","3,300","10,09,607","15,97,458","69,755","41,924","40,975","41,895","7,78,730","17,501","2,52,855","18,91,118","26,993","7,61,625","4,86,049","1,32,681","17,01,661","2,25,030","14,87,060","11,06,180"
20210306,"11,842","8,34,025","45,667","3,94,401","8,42,232","35,350","6,32,750","7,752","5,474","5,60,074","43,051","17,64,981","3,64,996","1,67,981","3,39,224","4,00,122","9,39,498","10,03,309","16,734","3,470","10,92,767","17,44,420","73,414","44,883","42,197","42,669","8,22,112","18,847","2,66,977","21,31,443","28,862","8,47,097","5,10,904","1,35,221","17,11,715","2,42,892","15,80,799","11,72,192"
20210307,"12,052","8,34,025","45,667","4,05,394","8,42,232","35,350","6,34,650","7,752","5,474","5,60,074","43,058","17,65,707","3,65,652","1,70,453","3,39,224","4,06,256","9,39,926","10,20,994","16,734","3,470","10,92,767","17,46,065","73,494","44,950","42,197","42,669","8,22,112","18,847","2,68,445","21,36,249","28,862","8,47,097","5,10,904","1,35,221","17,11,715","2,43,782","15,91,868","11,77,622"
20210308,"12,888","8,82,244","48,474","4,41,699","10,44,369","38,806","6,83,738","8,104","5,894","5,95,812","46,801","19,53,148","3,98,307","1,79,244","3,64,801","4,29,593","10,13,195","11,29,691","19,308","3,638","11,76,332","19,40,369","76,829","47,688","44,090","45,469","9,07,996","20,618","2,88,104","23,26,975","32,491","9,57,348","5,56,978","1,44,674","19,18,329","2,66,326","17,30,022","12,28,341"
20210309,"13,470","9,30,160","50,384","4,69,387","11,20,131","41,600","7,24,260","8,538","6,114","6,30,051","50,409","21,17,257","4,32,755","2,03,367","3,92,481","4,54,795","10,71,038","12,33,572","22,232","3,968","11,82,631","20,89,146","79,030","50,348","47,161","47,679","9,71,925","22,078","3,07,545","23,87,797","35,709","10,37,824","5,94,178","1,52,946","19,35,522","2,89,273","18,89,064","12,72,081"
20210310,"13,797","9,73,239","50,384","4,88,139","11,79,290","44,467","7,74,763","8,858","6,698","6,60,991","54,615","21,62,924","4,51,769","2,13,581","3,92,369","4,73,087","11,63,844","12,89,216","25,438","3,968","12,87,974","23,17,696","81,412","52,915","51,087","50,281","10,16,936","24,007","3,24,667","25,10,918","39,650","11,24,724","6,23,634","1,54,910","19,56,508","3,04,698","20,25,599","13,05,958"
20210311,"14,288","9,81,721","53,386","5,08,981","11,79,290","45,417","7,79,548","8,858","6,698","6,90,432","56,843","21,73,745","4,61,696","2,14,288","3,93,368","4,89,014","11,83,958","13,46,252","28,431","3,968","12,87,974","23,98,401","83,002","56,087","52,866","52,980","10,20,207","25,558","3,30,945","25,11,418","43,489","12,05,185","6,23,634","1,56,732","19,59,312","3,07,971","20,92,262","13,36,715"
20210312,"14,874","10,31,926","55,709","5,28,177","13,14,865","48,034","8,28,187","9,547","7,141","7,21,007","62,173","23,47,875","5,01,916","2,36,593","3,93,819","5,20,034","13,00,162","14,69,270","31,047","3,968","12,94,814","26,53,357","85,654","58,342","54,231","54,026","10,98,111","27,331","3,50,687","26,98,263","46,273","12,98,251","6,23,634","1,69,109","22,89,466","3,37,620","22,91,486","13,61,478"
20210313,"15,203","10,77,813","57,056","5,38,913","14,00,949","50,592","8,85,989","9,547","7,619","7,60,860","66,143","24,85,153","5,20,425","2,43,459","4,36,651","5,46,459","13,57,062","15,41,348","33,650","5,093","14,65,605","27,83,323","86,691","59,914","54,787","54,575","11,62,949","29,319","3,68,130","28,94,730","46,529","13,84,184","6,47,167","1,72,977","23,14,913","3,55,592","24,21,424","13,95,616"
20210314,"15,203","10,77,813","57,056","5,39,254","14,00,949","50,714","8,92,668","9,547","7,619","7,60,860","66,143","24,96,697","5,22,363","2,45,092","4,36,651","5,64,641","13,73,224","15,48,683","34,140","5,093","14,65,605","28,32,150","86,691","59,914","54,787","54,715","11,62,949","29,319","3,68,464","28,98,900","46,529","13,84,184","6,75,916","1,73,490","23,20,154","3,57,156","24,35,983","13,96,722"
20210315,"15,846","11,59,816","60,320","5,62,526","14,91,177","53,601","9,73,242","9,927","8,201","8,00,602","71,794","26,56,703","6,81,427","2,58,290","4,78,419","5,97,920","15,59,531","16,89,366","36,717","5,508","16,55,867","30,97,047","89,878","61,502","56,692","58,282","12,84,521","31,864","3,95,006","31,05,252","49,518","14,99,745","7,15,586","1,94,300","29,66,734","3,87,734","26,88,755","14,38,216"
20210316,"16,194","12,35,282","62,168","5,80,695","15,64,107","56,017","10,35,067","10,215","8,817","8,39,039","77,336","28,12,023","7,48,896","2,95,678","5,20,296","6,42,316","16,76,300","18,36,215","38,532","5,508","16,63,861","33,29,387","91,730","65,312","59,344","61,200","13,84,942","34,565","4,18,671","33,47,703","51,663","16,06,931","7,42,019","2,13,483","31,43,272","4,18,468","28,86,955","14,84,329"
20210317,"16,194","13,16,192","62,168","5,90,838","16,34,065","58,079","11,14,501","10,414","9,469","8,67,433","80,576","28,53,958","7,63,095","3,05,825","5,20,495","6,80,682","19,27,246","18,91,431","39,946","5,791","18,66,138","36,03,424","94,382","68,510","60,063","63,148","14,71,316","37,769","4,41,390","36,84,843","54,299","17,18,313","7,79,915","2,23,650","32,46,323","4,37,067","30,17,035","15,27,272"
20210318,"17,071","14,06,055","65,786","6,09,827","17,25,381","60,150","11,93,874","10,730","9,758","9,07,997","83,096","30,51,001","8,31,953","3,34,837","5,63,379","7,12,901","20,26,227","20,42,372","41,143","6,029","18,66,138","38,04,142","96,405","72,484","61,026","65,915","15,81,336","41,660","4,69,506","37,38,737","57,215","18,40,069","8,32,084","2,54,032","36,68,945","4,68,393","31,49,350","15,72,813"
20210319,"17,506","15,03,787","68,198","6,27,818","18,05,604","62,242","12,64,446","11,060","10,519","9,37,496","86,384","32,71,968","8,92,897","3,56,081","5,83,521","7,32,932","22,84,199","21,79,337","42,204","6,109","18,70,756","40,60,333","98,913","76,656","61,619","67,353","16,88,682","44,421","5,04,116","40,47,196","59,689","19,64,650","8,73,635","2,87,600","40,08,560","5,00,024","34,82,448","16,22,433"
20210320,"18,132","16,11,084","69,919","6,45,191","19,17,945","64,172","13,40,490","11,417","10,907","9,84,265","89,508","35,14,661","9,07,478","3,66,502","5,99,915","8,73,188","24,81,149","22,97,176","43,249","6,197","22,28,256","42,65,512","1,02,179","78,554","62,247","67,934","17,84,847","48,565","5,36,408","42,74,213","61,265","20,86,121","8,95,346","3,16,751","41,26,506","5,17,251","36,30,910","16,68,431"
20210321,"18,132","16,11,084","69,919","6,47,269","19,17,945","64,324","13,41,500","11,417","10,907","9,84,655","89,508","37,21,583","9,08,001","3,67,998","5,99,915","10,25,942","25,02,109","23,03,253","43,283","6,197","22,28,256","42,78,482","1,02,358","78,554","62,247","67,934","17,84,847","48,565","5,46,252","42,88,901","61,265","20,86,121","8,95,346","3,21,731","41,32,135","5,19,927","36,49,705","16,68,431"
20210322,"18,990","17,41,878","73,426","6,78,659","20,13,059","66,213","14,07,109","11,417","11,575","10,30,717","92,961","39,50,792","11,57,363","3,77,766","6,36,258","10,65,437","27,30,456","24,32,273","44,270","6,293","26,62,634","45,54,836","1,05,281","82,565","62,833","72,971","18,81,914","52,198","5,78,459","45,41,540","63,671","22,38,755","9,24,491","3,74,423","45,33,871","5,49,601","39,41,280","17,26,359"
20210323,"19,752","18,50,350","75,474","8,10,619","21,37,083","67,704","14,45,038","11,650","12,060","10,69,727","95,834","41,86,828","12,00,479","4,00,742","6,61,497","12,26,703","28,46,344","25,58,544","44,882","6,396","26,66,064","47,43,837","1,08,093","86,594","63,607","76,680","19,60,727","55,132","6,09,246","47,52,984","66,768","23,43,912","10,10,596","4,16,118","46,53,705","5,76,935","41,25,209","17,97,373"
20210324,"20,002","19,72,034","75,593","8,37,127","22,45,036","69,333","14,88,934","11,848","12,490","10,94,429","99,012","43,81,814","12,13,650","4,13,195","6,61,497","13,43,628","30,29,544","26,18,851","45,161","6,463","29,32,338","50,14,774","1,10,782","89,214","63,939","78,847","20,22,037","60,041","6,36,820","49,94,574","68,762","24,38,253","10,50,167","4,83,997","47,56,799","5,95,970","42,50,140","18,58,614"
20210325,"20,672","21,13,981","78,893","9,26,350","23,81,773","71,036","15,48,906","12,186","12,661","11,34,632","1,01,947","46,38,762","12,61,799","4,52,090","6,97,295","13,84,075","31,23,952","27,72,545","45,347","6,490","30,74,924","52,28,897","1,13,040","93,407","64,550","80,469","20,95,217","62,839","6,66,395","50,57,509","70,523","25,37,202","10,88,309","5,53,795","50,22,608","6,24,095","43,72,367","19,12,902"
20210326,"20,991","22,19,053","81,533","9,86,804","25,19,873","72,714","16,15,013","12,521","13,276","11,56,546","1,05,072","49,08,715","13,02,677","4,73,658","7,26,236","14,47,288","32,85,829","29,04,945","45,559","6,576","30,78,673","54,94,759","1,16,224","95,924","65,731","81,417","21,67,956","65,578","6,95,676","53,07,621","72,309","26,45,814","11,28,632","6,43,117","52,40,969","6,49,500","46,88,172","19,66,822"
20210327,"21,361","23,41,955","83,450","10,04,038","26,34,237","74,230","17,29,837","12,756","13,532","11,96,875","1,07,720","51,58,430","13,18,185","4,93,737","7,51,622","15,56,332","34,00,617","30,19,646","45,692","6,800","31,88,497","57,26,036","1,18,168","96,415","65,731","81,676","22,36,623","67,980","7,29,130","54,84,184","72,309","27,51,628","11,70,407","6,51,930","53,03,442","6,65,684","48,65,445","20,23,445"
20210328,"21,361","23,50,279","83,450","10,04,248","26,34,237","74,323","17,63,175","12,756","13,532","11,96,875","1,07,720","52,50,880","13,19,400","4,93,737","7,51,622","15,63,421","34,16,179","30,31,610","45,692","6,800","31,88,497","57,46,602","1,18,222","96,426","65,731","81,676","22,36,623","67,980","7,42,627","54,84,184","72,309","27,51,628","11,75,476","6,58,047","53,03,530","6,65,821","48,66,734","20,67,025"
20210329,"21,361","24,08,323","83,808","10,06,703","26,34,237","74,323","17,63,175","12,756","13,532","11,97,227","1,08,602","52,62,906","13,19,400","4,94,695","7,77,848","15,63,852","35,52,038","31,81,620","45,692","6,800","31,88,497","57,82,665","1,18,291","97,582","65,848","81,694","22,36,623","70,124","7,54,354","54,84,184","72,309","28,71,513","11,75,476","6,58,047","53,03,530","6,65,821","48,88,625","20,69,273"
20210330,"22,088","25,04,479","85,889","10,39,302","27,11,697","75,953","18,18,746","13,197","14,034","12,37,955","1,12,654","54,82,050","14,82,699","5,22,818","8,03,824","15,74,368","36,69,473","33,39,861","45,812","6,959","31,91,792","59,93,126","1,19,573","99,837","66,312","85,287","23,26,922","70,258","7,92,329","55,82,172","73,286","29,52,311","12,62,125","6,87,224","53,28,419","6,83,007","50,91,103","20,85,412"
20210331,"22,088","26,05,169","85,889","10,48,974","28,34,138","77,581","19,42,105","13,524","14,542","12,65,652","1,15,750","57,00,174","15,91,599","5,32,053","8,03,824","15,96,433","38,11,007","34,01,918","46,010","6,959","33,56,666","62,09,337","1,20,838","1,01,476","66,666","87,247","24,11,021","74,165","8,42,448","57,21,312","73,741","30,31,631","12,95,814","6,97,346","53,98,684","6,98,899","52,30,166","21,85,050"
20210401,"22,874","27,35,502","93,159","10,83,743","30,45,053","81,080","21,77,113","15,995","15,612","13,36,753","1,20,405","61,65,176","17,01,800","5,77,581","8,45,825","16,22,995","39,46,936","34,90,134","50,322","7,220","37,35,986","65,19,976","1,22,535","1,05,602","68,024","89,515","26,14,183","76,570","9,20,846","60,05,903","77,892","31,14,623","13,58,395","7,19,751","56,97,787","7,39,961","54,19,269","22,67,042"
20210402,"22,867","29,07,602","1,00,226","11,67,124","31,21,393","84,815","25,17,456","19,861","17,893","14,29,913","1,30,175","65,78,274","17,14,570","5,95,692","8,89,734","17,46,722","42,98,094","37,20,447","56,108","7,521","39,03,340","70,27,500","1,15,544","1,20,146","71,868","83,771","26,99,452","77,771","10,90,090","61,51,585","79,904","31,01,478","13,94,119","7,09,385","64,28,073","8,26,674","57,72,282","22,74,826"
20210403,"23,432","30,07,468","1,04,436","12,06,058","32,32,560","88,663","26,94,062","21,625","19,725","14,98,767","1,33,818","69,23,008","17,58,592","6,14,864","9,22,562","17,72,016","44,88,656","38,50,005","59,917","7,789","40,83,671","73,54,244","1,18,645","1,21,519","71,987","83,991","28,23,310","81,457","11,70,962","64,31,601","80,654","31,51,678","14,46,502","7,21,108","66,43,096","8,70,905","59,58,488","23,37,810"
20210404,"24,076","30,53,542","1,06,266","12,20,939","33,74,210","91,346","30,10,589","23,354","21,014","15,83,047","1,36,166","73,90,435","18,04,230","6,33,532","9,51,366","18,68,402","46,08,184","38,84,224","62,607","8,089","42,27,270","76,86,921","1,19,351","1,21,804","72,030","84,131","31,19,381","83,053","12,52,548","68,68,626","80,856","31,86,597","14,85,476","7,30,512","67,61,287","9,16,548","61,12,805","23,40,349"
20210405,"25,217","31,79,087","1,07,592","12,76,382","35,81,314","94,887","31,20,741","26,133","22,989","16,72,538","1,41,025","76,89,507","19,13,936","6,70,976","9,81,646","19,51,497","48,23,777","40,30,982","65,874","8,196","44,63,488","81,27,248","1,20,672","1,21,588","73,566","86,221","32,87,050","85,421","13,28,236","72,99,305","83,797","32,05,778","15,54,772","7,46,306","71,98,372","9,85,663","65,41,370","24,17,777"
20210406,"26,850","32,66,611","1,12,266","13,20,944","38,85,397","98,293","32,99,718","28,477","25,299","17,55,989","1,45,788","80,17,741","20,02,989","7,37,077","10,47,649","20,06,269","49,97,921","40,59,464","68,062","9,052","46,71,069","85,59,317","1,23,203","1,26,236","78,364","90,103","35,08,480","86,099","14,16,310","78,15,333","90,511","32,39,421","16,17,774","7,59,840","76,41,485","10,61,735","68,73,489","24,06,849"
20210407,"28,269","33,89,990","1,14,031","13,44,908","40,26,169","1,01,739","34,27,849","29,923","26,920","17,99,406","1,50,177","81,47,689","20,36,392","7,78,402","10,95,745","20,80,318","52,30,642","41,49,413","70,021","9,719","49,73,398","89,49,560","1,25,612","1,29,891","82,170","94,224","36,17,561","87,581","14,78,280","82,87,840","95,185","32,92,109","16,85,242","7,67,029","78,47,622","11,14,026","70,55,520","24,78,101"
20210408,"30,799","34,97,015","1,20,397","14,05,680","41,67,453","1,05,815","37,08,378","31,851","28,441","18,97,553","1,55,376","84,75,305","21,19,853","8,41,809","11,77,901","21,35,148","54,63,774","43,56,951","71,259","10,737","52,34,644","93,38,531","1,28,096","1,35,237","86,987","97,863","37,69,153","90,099","15,71,245","88,07,351","1,04,473","34,02,198","17,83,357","7,85,861","81,45,161","11,82,912","73,12,694","25,56,905"
20210409,"33,217","35,71,233","1,26,477","14,54,577","42,33,789","1,10,149","39,36,404","33,719","30,441","19,56,793","1,62,064","87,74,240","22,12,582","8,91,278","12,40,780","21,62,629","57,89,180","45,75,600","71,960","11,686","53,62,159","96,32,724","1,30,961","1,39,127","92,678","1,00,533","39,56,246","93,096","16,72,868","92,45,238","1,12,414","35,33,869","18,98,374","8,03,168","83,97,204","12,43,782","76,74,634","26,07,287"
20210410,"35,447","38,06,708","1,31,304","14,86,294","44,94,404","1,15,008","41,28,448","35,398","32,510","20,62,711","1,71,132","90,56,842","22,83,954","9,42,832","12,86,563","22,61,611","60,67,099","47,63,853","72,431","12,703","54,65,121","99,23,534","1,32,204","1,41,326","95,229","1,01,480","40,91,351","96,737","17,69,971","95,65,308","1,15,201","36,66,549","20,60,865","8,12,288","84,93,959","12,83,673","78,91,650","26,41,449"
20210411,"37,671","38,93,003","1,35,099","14,98,729","47,48,226","1,18,155","43,04,100","36,796","33,727","21,45,740","1,78,390","92,60,284","23,82,673","9,83,910","13,22,368","23,60,166","62,09,024","48,30,669","73,397","13,284","58,39,231","1,01,92,353","1,34,396","1,42,445","95,857","1,05,854","42,14,184","1,03,546","18,45,259","97,16,352","1,17,171","37,15,293","21,61,735","8,19,107","88,25,419","13,08,881","79,82,640","26,43,431"
20210412,"42,285","39,13,719","1,44,244","15,31,037","49,54,731","1,22,941","44,62,959","38,680","35,431","22,35,927","1,88,088","94,98,866","25,26,694","10,51,232","13,90,936","24,29,885","64,07,325","50,98,184","74,608","13,796","62,47,108","1,05,29,376","1,37,679","1,46,626","1,05,078","1,13,941","43,56,095","1,14,551","19,38,988","99,25,581","1,26,124","38,81,778","22,92,129","8,32,935","93,59,564","13,62,066","82,26,026","26,75,872"
20210413,"48,901","39,18,529","1,51,893","15,50,113","50,50,288","1,26,849","45,60,518","39,631","36,434","23,04,986","1,92,556","97,05,299","26,58,779","11,11,867","14,20,799","25,06,678","64,46,477","52,67,532","75,319","14,571","65,61,386","1,07,53,947","1,39,978","1,52,855","1,13,106","1,20,854","44,44,241","1,29,271","20,02,937","1,00,80,932","1,35,661","40,21,060","23,18,292","8,42,397","97,19,899","14,03,195","83,45,753","27,05,795"
20210414,"55,598","45,63,073","1,58,211","15,53,903","52,27,880","1,30,380","46,34,774","40,462","37,398","23,77,014","2,03,223","98,67,541","28,05,840","11,57,929","14,52,764","25,96,645","65,50,424","52,87,484","75,905","15,308","68,90,145","1,11,25,434","1,42,931","1,57,493","1,23,060","1,28,132","45,27,911","1,38,153","20,80,678","1,02,24,579","1,41,777","41,10,452","24,52,956","8,45,229","1,00,28,839","14,32,077","84,43,337","27,08,299"
20210415,"60,898","45,97,577","1,61,283","15,55,461","53,56,134","1,34,563","46,80,586","41,387","38,052","24,54,965","2,13,142","1,00,28,842","28,75,265","11,92,543","15,00,693","26,41,246","67,05,031","54,97,016","76,472","16,144","70,58,738","1,15,12,728","1,45,490","1,63,271","1,35,583","1,33,049","46,85,831","1,48,389","21,66,051","1,03,60,331","1,48,555","43,23,754","26,22,516","8,45,296","1,02,73,996","14,66,970","84,68,838","27,36,823"
20210416,"67,734","46,03,804","1,66,715","15,64,490","54,28,037","1,39,146","47,50,060","42,394","39,082","25,04,094","2,24,984","1,01,65,603","29,57,810","12,41,589","15,44,674","26,82,040","69,10,399","56,81,972","76,968","16,586","71,15,737","1,18,86,859","1,48,635","1,67,553","1,48,073","1,37,639","47,95,020","1,57,494","22,61,624","1,05,23,372","1,55,296","45,32,483","28,02,424","8,62,658","1,05,38,702","15,19,067","86,09,305","27,67,519"
20210417,"74,108","46,07,975","1,70,942","15,86,438","55,79,469","1,43,254","48,70,577","43,066","40,077","25,72,717","2,37,156","1,03,37,448","30,22,952","12,78,089","15,89,252","27,34,217","71,92,628","58,32,553","77,819","17,251","73,05,314","1,21,39,453","1,52,135","1,69,475","1,54,038","1,39,051","48,65,265","1,63,766","23,52,518","1,06,98,771","1,60,123","46,70,781","29,52,910","8,80,367","1,07,12,739","15,65,437","87,40,073","27,92,386"
20210418,"78,236","46,13,024","1,72,669","15,97,535","56,87,553","1,45,600","49,57,157","43,295","40,384","26,21,295","2,44,577","1,04,51,246","30,66,316","12,89,500","16,22,150","27,75,433","72,96,771","58,70,232","77,857","18,224","73,29,901","1,22,73,973","1,53,124","1,69,578","1,54,183","1,40,106","49,30,367","1,65,647","24,18,132","1,08,84,806","1,61,058","47,11,901","29,60,305","8,86,131","1,07,18,375","15,68,172","87,64,173","27,93,580"
20210419,"83,085","47,56,984","1,80,287","16,77,769","58,38,127","1,49,987","50,43,710","43,877","41,068","26,82,165","2,53,784","1,06,20,832","31,63,013","13,28,663","16,88,397","28,07,893","75,43,325","60,26,805","80,595","18,482","75,07,451","1,26,50,266","1,57,711","1,74,713","1,64,833","1,48,681","50,72,765","1,68,672","25,08,073","1,11,92,119","1,66,609","48,14,662","31,32,747","9,10,346","1,09,09,765","16,28,191","89,76,743","28,15,918"
20210420,"86,926","49,27,736","1,86,071","17,71,560","59,65,675","1,54,584","51,02,952","44,417","41,978","27,32,522","2,64,363","1,08,07,438","32,42,458","13,78,686","17,53,277","28,49,025","77,68,994","62,43,833","84,637","19,011","75,42,949","1,29,45,000","1,62,117","1,80,632","1,74,379","1,55,195","51,94,381","1,70,810","25,95,020","1,14,51,137","1,71,142","48,92,488","32,72,989","9,34,015","1,11,20,780","16,78,639","92,11,156","28,40,338"
20210421,"89,072","49,68,504","1,90,500","18,25,312","60,57,811","1,58,565","51,46,710","44,685","42,394","27,87,132","2,72,843","1,09,38,424","32,87,861","14,00,847","18,01,471","28,77,574","79,58,245","63,53,754","88,453","19,786","75,66,383","1,32,79,970","1,67,554","1,85,239","1,80,829","1,62,418","53,06,252","1,73,769","26,58,091","1,16,50,301","1,72,465","49,65,949","33,95,125","9,41,698","1,12,59,746","17,15,839","93,96,277","28,42,796"
20210422,"91,977","53,30,080","1,97,578","19,00,839","61,71,493","1,63,872","52,13,264","45,040","43,051","28,55,750","2,81,429","1,10,99,586","33,45,415","14,51,370","18,56,995","29,02,019","81,91,052","65,04,117","91,310","20,206","77,38,469","1,36,75,149","1,71,785","1,94,776","1,94,136","1,69,219","53,99,333","1,76,558","27,15,479","1,18,36,328","1,77,160","50,76,978","36,06,921","9,53,744","1,14,41,728","17,67,551","95,58,932","28,67,731"
20210423,"94,166","55,55,014","2,04,542","19,61,751","62,71,746","1,69,438","52,73,022","45,446","43,740","28,92,000","2,89,687","1,12,66,494","34,30,557","14,97,954","19,25,016","29,35,512","84,46,922","66,28,413","94,316","20,547","77,74,348","1,39,99,992","1,74,263","2,03,371","2,06,191","1,71,605","55,09,857","1,79,519","28,12,254","1,20,10,244","1,82,621","52,06,836","38,12,192","9,85,264","1,16,23,695","18,10,381","97,80,926","28,89,990"
20210424,"96,109","56,70,368","2,09,180","20,06,178","63,62,286","1,74,721","53,24,444","45,755","44,346","29,62,253","2,99,238","1,14,36,779","35,03,456","15,37,524","19,97,841","29,65,175","85,92,858","68,27,750","96,539","21,081","78,95,592","1,42,30,213","1,80,379","2,09,522","2,11,142","1,72,277","55,27,072","1,81,719","29,25,001","1,22,07,892","1,85,449","53,28,811","40,04,625","10,12,251","1,17,77,209","18,50,805","99,38,711","29,03,866"
20210425,"97,392","56,78,628","2,10,345","20,20,742","64,37,482","1,78,655","53,62,447","45,856","44,594","30,03,495","3,04,009","1,15,38,363","35,39,926","15,48,489","20,43,786","29,77,859","86,73,594","68,47,062","96,956","21,299","79,08,665","1,43,42,716","1,82,546","2,10,172","2,11,237","1,72,647","55,30,174","1,82,302","29,95,367","1,23,47,953","1,85,895","53,51,384","40,71,623","10,20,935","1,17,83,880","18,67,987","99,69,252","29,05,509"
20210426,"99,109","59,86,822","2,16,946","21,05,788","65,58,814","1,84,251","54,06,347","46,177","45,231","30,61,554","3,13,027","1,17,21,269","35,95,088","15,93,316","21,27,064","30,05,467","88,92,708","69,91,400","1,00,904","21,755","79,91,717","1,49,06,543","1,92,280","2,25,514","2,23,439","1,78,196","56,18,057","1,85,167","30,86,085","1,25,43,221","1,89,953","54,84,633","42,87,852","10,67,301","1,19,47,728","19,18,491","1,02,30,498","29,21,474"
20210427,"1,00,588","61,77,974","2,22,159","21,93,900","66,62,906","1,90,041","54,38,705","46,553","45,747","31,14,865","3,23,227","1,19,01,842","36,35,311","16,44,503","21,87,530","30,29,162","90,88,473","71,07,072","1,03,717","21,965","80,10,424","1,53,22,367","2,00,765","2,42,595","2,35,159","1,83,203","56,94,155","1,87,823","31,31,631","1,26,59,815","1,93,834","56,26,091","44,00,436","11,13,957","1,20,61,303","19,51,517","1,04,38,235","29,37,817"
20210428,"1,01,770","62,82,487","2,27,858","22,44,119","67,62,510","1,96,055","54,69,712","46,903","46,286","31,47,918","3,31,731","1,20,54,863","36,76,169","16,89,860","22,56,800","30,53,169","92,77,544","71,44,122","1,05,915","22,157","80,71,748","1,55,78,162","2,14,237","2,58,998","2,43,917","1,89,765","57,43,455","1,90,734","32,11,821","1,28,12,973","1,96,919","57,41,587","45,43,288","11,40,674","1,21,69,510","19,90,231","1,06,32,087","29,52,594"
20210429,"1,02,998","63,54,053","2,34,727","23,51,160","68,70,911","2,01,905","55,07,583","47,279","46,869","32,24,939","3,40,743","1,22,52,678","37,23,570","17,43,167","23,11,437","30,83,133","94,00,389","72,29,229","1,07,405","22,650","80,76,994","1,58,71,153","2,28,344","2,75,100","2,50,446","1,95,429","57,79,022","1,93,884","32,94,001","1,29,36,911","2,00,586","58,45,888","46,13,191","11,90,622","1,23,55,555","20,33,587","1,07,82,136","29,65,505"
20210430,"1,04,374","65,79,817","2,41,483","24,84,613","69,68,234","2,08,489","55,71,099","47,829","47,667","32,72,128","3,49,718","1,24,58,508","37,58,515","17,93,402","23,48,263","31,14,124","96,43,472","73,77,186","1,08,513","23,140","80,79,528","1,61,84,823","2,50,314","2,90,726","2,56,096","1,98,814","58,57,731","1,97,790","33,94,738","1,30,22,322","2,03,966","59,47,800","47,81,228","12,37,738","1,25,59,034","20,76,143","1,09,72,478","29,77,792"
20210501,"1,05,163","67,00,248","2,45,633","25,73,549","70,48,944","2,13,274","56,22,933","48,102","48,302","33,28,646","3,55,730","1,27,49,030","37,79,724","18,23,976","23,78,556","31,39,573","97,82,183","74,28,920","1,09,478","23,455","81,51,801","1,63,22,336","2,63,802","2,97,967","2,58,922","1,99,986","58,72,738","1,99,906","34,77,671","1,30,92,779","2,05,129","60,45,628","47,88,950","12,61,437","1,27,20,794","20,96,753","1,10,64,671","29,89,342"
20210502,"1,05,286","66,96,306","2,46,582","25,90,276","71,11,275","2,15,893","56,47,085","48,131","48,488","33,24,922","3,58,279","1,28,02,651","37,96,842","18,28,953","24,15,454","31,46,822","98,17,397","74,26,164","1,09,694","23,686","81,54,921","1,63,42,758","2,66,790","2,98,409","2,58,815","2,00,268","58,74,407","2,00,026","34,98,523","1,31,73,426","2,04,990","60,46,284","47,87,533","12,67,062","1,27,05,514","21,01,879","1,10,66,286","29,90,130"
20210503,"1,06,203","67,29,038","2,52,285","26,73,320","72,17,903","2,20,155","56,79,195","48,431","48,993","34,14,208","3,63,309","1,29,50,608","38,54,442","18,70,302","24,64,052","31,64,312","98,92,349","75,08,437","1,11,013","23,959","82,22,982","1,64,22,152","2,81,266","3,07,070","2,63,585","2,05,169","59,16,461","2,02,468","35,32,229","1,33,38,393","2,07,514","61,23,161","48,14,401","12,82,367","1,28,65,305","21,11,065","1,12,43,084","30,01,735"
20210504,"1,06,880","67,42,700","2,56,520","27,46,508","73,28,118","2,24,778","57,05,613","48,676","49,554","35,04,708","3,68,247","1,30,70,486","39,24,560","19,13,334","24,97,828","31,82,602","99,48,331","75,72,175","1,12,784","24,303","82,42,734","1,65,20,873","2,91,900","3,14,393","2,67,429","2,09,616","59,44,620","2,04,352","35,51,466","1,34,74,448","2,09,932","61,88,845","48,78,695","13,01,258","1,30,24,883","21,39,623","1,13,85,336","30,15,080"
20210505,"1,07,756","69,16,457","2,61,355","27,79,689","74,30,164","2,29,618","57,32,278","48,940","50,192","35,72,311","3,73,028","1,32,31,478","39,84,064","19,45,930","25,50,299","32,05,030","1,01,11,482","75,94,821","1,15,057","24,676","83,57,417","1,67,81,719","3,04,066","3,20,713","2,70,992","2,13,112","59,67,765","2,06,992","36,27,732","1,35,97,367","2,12,161","62,49,242","49,56,957","13,19,613","1,31,75,325","21,82,985","1,14,75,371","30,29,185"
20210506,"1,08,829","70,70,242","2,66,969","28,27,561","75,38,326","2,35,770","57,66,859","49,352","50,930","36,87,783","3,79,322","1,34,20,247","40,86,674","19,89,691","25,96,453","32,24,368","1,02,52,400","76,95,877","1,17,110","24,946","84,62,476","1,72,43,457","3,13,874","3,29,374","2,75,179","2,15,703","60,17,415","2,09,894","37,05,260","1,37,00,772","2,14,717","63,36,452","50,37,803","13,47,904","1,33,30,583","22,41,465","1,15,59,879","30,41,142"
20210507,"1,09,868","71,67,599","2,72,190","29,09,540","76,17,232","2,41,338","57,91,448","49,833","51,959","37,68,047","3,85,701","1,36,06,684","41,89,607","20,18,702","26,52,507","32,45,635","1,03,66,532","78,54,050","1,18,081","25,267","84,79,263","1,76,17,719","3,22,187","3,37,742","2,77,305","2,17,847","60,94,247","2,12,857","37,73,290","1,38,41,990","2,17,439","64,22,679","51,17,048","13,75,527","1,34,70,982","22,87,995","1,17,85,949","30,52,658"
20210508,"1,10,657","72,94,471","2,76,476","29,90,895","76,87,374","2,47,629","58,14,814","50,249","52,585","38,97,189","3,91,445","1,37,86,185","42,66,748","20,37,743","26,92,880","32,69,710","1,04,87,851","79,33,903","1,19,276","25,455","85,95,188","1,78,58,864","3,29,805","3,42,209","2,77,860","2,18,088","61,59,998","2,15,447","38,36,530","1,40,19,524","2,18,186","64,80,287","51,87,863","13,93,657","1,35,93,961","23,26,309","1,18,91,417","30,60,935"
20210509,"1,10,740","73,08,217","2,77,725","30,14,274","78,03,237","2,51,462","58,27,151","50,462","52,797","38,98,971","3,93,444","1,39,25,616","43,18,037","20,43,705","27,03,781","32,85,308","1,05,26,921","79,34,469","1,19,409","25,765","85,96,943","1,79,70,191","3,30,011","3,42,285","2,77,860","2,18,536","61,66,695","2,15,935","38,73,669","1,41,04,257","2,18,350","64,99,349","51,89,389","13,95,621","1,35,95,851","23,47,663","1,19,01,323","30,61,184"
20210510,"1,11,634","73,10,220","2,83,537","31,03,919","79,90,481","2,56,680","58,68,522","50,866","53,462","40,39,723","3,98,600","1,41,60,135","44,36,031","20,72,295","27,32,139","33,13,930","1,06,30,738","80,42,237","1,20,549","26,191","87,14,234","1,82,64,212","3,40,961","3,52,959","2,81,200","2,22,357","62,92,663","2,19,254","39,47,071","1,42,88,032","2,20,181","65,87,081","52,82,970","14,16,114","1,37,60,662","24,12,802","1,20,35,340","30,70,084"
20210511,"1,12,230","73,40,481","2,87,203","31,78,021","81,55,618","2,61,415","59,10,035","51,244","54,010","41,69,137","4,04,196","1,44,35,678","45,42,095","20,95,924","27,59,121","33,45,583","1,07,91,698","81,12,866","1,21,217","26,700","87,32,038","1,86,48,538","3,49,288","3,64,710","2,83,991","2,25,776","63,92,592","2,21,604","40,23,731","1,45,24,097","2,21,311","66,61,775","53,61,854","14,32,084","1,39,36,210","24,74,738","1,21,46,487","30,80,695"
20210512,"1,12,809","73,73,521","2,89,133","32,13,306","82,66,897","2,64,937","59,41,724","51,448","54,456","42,43,858","4,09,697","1,45,75,629","46,09,079","21,10,484","27,70,540","33,72,051","1,09,05,119","81,55,236","1,21,926","26,967","88,59,010","1,89,66,476","3,57,683","3,74,530","2,85,547","2,28,084","64,48,624","2,23,561","40,72,687","1,46,91,987","2,21,956","67,38,923","53,88,357","14,35,306","1,41,41,536","25,07,892","1,23,13,816","30,89,464"
20210513,"1,13,446","74,13,446","2,91,703","32,58,291","84,12,634","2,69,028","59,82,055","52,748","56,083","43,67,398","4,16,818","1,47,60,705","47,00,161","21,39,633","27,75,752","33,94,495","1,09,94,304","81,81,551","1,22,440","27,039","89,63,028","1,93,12,943","3,63,556","3,84,839","2,87,535","2,31,203","64,97,240","2,26,096","41,08,184","1,47,98,914","2,23,712","68,22,834","54,19,430","14,42,279","1,43,93,696","25,38,983","1,24,57,568","30,96,814"
20210514,"1,13,455","74,28,976","2,93,227","32,83,170","85,49,713","2,73,544","60,22,232","54,228","58,147","43,72,741","4,23,744","1,47,99,737","47,60,544","21,53,635","27,91,232","34,43,220","1,10,65,841","82,26,138","1,22,440","27,040","89,64,972","1,94,69,673","3,69,007","3,93,412","2,88,343","2,32,382","65,42,754","2,28,342","41,25,085","1,48,52,400","2,24,387","68,73,590","54,47,541","14,43,431","1,45,68,875","25,72,547","1,25,01,020","30,96,814"
20210515,"1,13,994","75,02,525","2,94,841","33,39,022","86,98,695","2,79,111","60,57,680","55,838","60,481","44,90,792","4,34,399","1,48,32,722","48,12,859","21,77,507","28,07,115","35,01,805","1,11,69,445","83,82,368","1,23,520","27,056","90,82,835","1,96,64,063","3,75,983","3,98,590","2,89,095","2,32,734","65,77,633","2,30,803","41,42,347","1,49,91,425","2,24,483","69,28,329","54,47,805","14,45,632","1,47,64,942","26,03,720","1,25,61,156","30,96,814"
20210516,"1,14,006","75,13,031","2,95,256","33,78,305","88,24,306","2,80,216","60,62,047","57,212","62,225","45,81,779","4,36,820","1,48,63,551","48,56,328","21,80,999","28,15,552","35,44,955","1,11,91,709","84,15,457","1,23,520","27,082","90,83,720","1,97,33,314","3,76,445","4,01,708","2,89,115","2,32,994","65,79,069","2,31,405","41,48,231","1,51,06,597","2,24,846","69,41,944","54,47,805","14,46,176","1,47,66,904","26,21,366","1,25,66,596","31,03,869"
20210517,"1,14,440","75,69,446","3,00,773","34,48,259","89,36,921","2,84,729","60,68,630","59,244","62,961","46,95,016","4,42,804","1,48,63,857","49,18,803","22,04,149","28,30,018","35,99,695","1,12,80,271","84,82,948","1,24,376","27,215","91,74,032","1,98,33,516","3,85,155","4,08,399","2,91,000","2,37,058","66,39,176","2,32,512","41,57,025","1,52,69,713","2,25,580","69,95,480","54,48,463","14,54,040","1,49,97,832","26,50,123","1,26,28,179","31,11,311"
20210518,"1,14,721","76,29,580","3,06,421","35,07,586","90,13,570","2,88,506","60,74,384","59,244","63,401","48,00,724","4,49,802","1,48,64,182","49,82,890","22,25,571","28,42,988","36,50,981","1,13,61,234","85,35,933","1,25,366","27,478","91,80,020","1,99,39,812","3,90,059","4,13,392","2,93,620","2,42,456","67,44,998","2,33,427","41,64,782","1,53,98,802","2,26,311","70,40,699","54,50,423","14,74,542","1,52,07,651","26,73,296","1,26,90,836","31,19,614"
20210519,"1,15,236","76,60,595","3,11,599","35,44,861","90,68,070","2,92,306","60,80,528","60,634","64,945","48,69,653","4,57,448","1,48,65,594","50,35,931","22,41,263","28,50,676","37,01,127","1,14,43,180","85,53,198","1,26,593","27,709","93,18,551","2,00,41,648","3,98,536","4,17,136","2,96,897","2,44,547","68,19,638","2,34,416","41,85,845","1,54,78,846","2,27,796","70,82,380","54,53,386","14,83,136","1,53,89,991","26,85,584","1,27,53,948","31,26,365"
20210520,"1,17,175","78,57,020","3,18,092","36,20,118","93,63,116","3,02,008","68,12,740","63,606","69,984","49,70,999","4,66,488","1,51,76,798","51,98,191","23,03,829","29,05,270","37,90,724","1,17,99,162","85,97,282","1,28,352","29,058","95,33,515","2,04,65,193","4,03,249","4,24,005","3,01,219","2,46,656","69,64,278","2,39,864","45,19,318","1,57,08,235","2,30,968","72,80,700","55,22,361","15,27,207","1,58,13,654","27,43,665","1,29,32,811","31,32,593"
20210521,"1,17,943","78,88,256","3,21,285","36,65,033","94,58,666","3,06,310","68,44,454","66,558","73,436","50,21,432","4,75,326","1,52,78,138","52,83,161","23,22,654","29,18,707","38,39,139","1,19,02,271","86,12,681","1,30,462","29,498","96,31,098","2,05,87,557","4,09,948","4,29,744","3,03,174","2,47,220","70,14,521","2,42,180","45,92,335","1,58,16,456","2,32,705","73,21,955","55,23,114","15,34,452","1,60,28,675","27,58,608","1,30,03,962","31,39,705"
20210522,"1,18,754","79,05,740","3,23,149","37,14,758","95,16,740","3,12,164","68,72,062","69,789","76,450","50,85,703","4,83,867","1,54,00,783","53,51,239","23,34,213","29,54,451","38,76,194","1,20,14,015","86,41,908","1,32,061","29,977","97,75,817","2,07,10,911","4,13,717","4,34,362","3,03,177","2,47,322","70,99,802","2,44,581","46,91,082","1,59,40,593","2,34,290","73,71,998","55,26,061","15,50,818","1,62,41,703","27,72,366","1,30,86,547","31,45,020"
20210523,"1,19,139","79,15,178","3,23,976","37,53,286","96,79,108","3,15,357","68,89,272","72,120","78,772","50,91,912","4,85,547","1,55,15,181","53,89,899","23,36,426","29,73,377","39,22,027","1,20,88,649","86,47,923","1,32,133","31,133","99,50,799","2,07,60,193","4,13,741","4,35,621","3,03,172","2,47,495","71,16,029","2,46,032","47,51,745","1,60,33,767","2,34,291","73,90,862","55,26,985","15,53,567","1,62,55,150","27,83,379","1,31,43,523","31,45,196"
20210524,"1,19,590","80,23,541","3,27,007","38,30,062","98,65,884","3,20,422","69,09,823","74,898","81,916","51,46,838","4,91,291","1,57,02,276","54,86,213","23,58,006","30,10,142","39,72,620","1,22,43,473","87,01,163","1,34,062","31,277","1,01,68,575","2,10,13,742","4,20,920","4,40,666","3,04,924","2,53,363","72,28,138","2,48,835","48,12,094","1,61,83,750","2,35,581","74,73,489","55,29,827","15,59,837","1,65,43,234","28,07,288","1,33,33,117","31,51,115"
20210525,"1,20,277","81,56,085","3,28,545","38,98,903","99,86,557","3,23,363","69,25,357","77,331","85,458","51,91,023","4,97,126","1,58,97,863","55,56,368","23,76,358","30,46,666","40,12,269","1,23,89,189","87,56,649","1,36,287","31,318","1,01,75,220","2,12,12,433","4,24,161","4,46,312","3,06,426","2,59,660","73,25,330","2,51,379","48,53,015","1,62,83,420","2,36,857","76,50,500","55,88,684","15,65,078","1,68,16,336","28,29,073","1,34,86,207","31,59,373"
20210526,"1,21,086","84,59,763","3,29,357","39,34,911","1,00,63,930","3,24,813","69,40,576","79,601","89,077","52,25,240","5,03,061","1,60,87,126","56,09,362","23,83,578","30,94,621","40,36,657","1,25,89,837","87,87,307","1,38,443","31,380","1,01,77,398","2,13,52,323","4,35,917","4,49,703","3,07,157","2,60,696","73,75,678","2,54,136","48,90,425","1,63,64,179","2,37,947","79,14,277","56,52,269","15,67,456","1,70,74,158","28,37,799","1,35,54,226","31,60,404"
20210527,"121,700","9,040,640","330,302","3,981,565","10,116,193","329,737","6,954,350","82,053","92,406","5,264,235","508,884","16,285,302","5,683,416","2,405,067","3,154,798","4,052,889","12,821,613","8,900,924","144,383","31,425","10,407,154","21,639,836","438,999","455,053","308,591","261,471","7,477,645","256,963","4,918,114","16,426,346","238,697","8,208,995","5,702,844","1,570,207","17,355,300","2,856,866","13,728,312","3,167,385"
20210528,"1,22,463","94,88,593","3,31,475","40,27,312","1,01,51,005","3,34,444","69,69,745","84,485","96,160","52,88,099","5,14,979","1,65,03,125","57,49,720","24,19,014","32,04,133","40,84,458","1,30,89,717","90,46,159","1,50,089","31,666","1,06,29,771","2,19,13,849","4,44,132","4,59,863","3,11,401","2,62,221","76,02,197","2,60,161","49,36,818","1,65,53,027","2,38,769","85,19,483","58,03,355","15,74,596","1,76,67,888","28,74,730","1,39,89,487","31,73,856"
20210529,"1,23,480","97,51,848","3,32,657","40,73,698","1,02,03,344","3,39,416","69,80,677","87,385","99,210","53,42,386","5,21,465","1,67,19,359","58,03,459","24,29,729","32,42,210","41,24,252","1,33,42,546","92,05,023","1,54,112","32,181","1,08,80,002","2,22,20,504","4,51,009","4,63,646","3,13,380","2,62,475","77,06,869","2,63,441","49,78,620","1,67,57,346","2,38,832","87,96,133","59,13,086","15,88,215","1,79,92,599","28,90,859","1,42,67,305","31,73,856"
20210530,"1,23,722","97,66,778","3,32,991","40,93,697","1,02,44,836","3,43,279","69,88,120","88,481","1,01,283","53,52,143","5,24,344","1,69,00,663","58,30,336","24,31,057","32,64,802","41,55,009","1,34,33,278","92,30,736","1,54,132","32,848","1,08,96,991","2,23,06,998","4,51,203","4,64,196","3,13,451","2,62,558","77,25,803","2,65,588","50,09,627","1,68,61,567","2,38,832","88,91,549","59,79,083","16,02,018","1,80,08,604","29,01,074","1,44,08,596","31,73,856"
20210531,"1,24,265","98,63,347","3,33,918","41,37,301","1,03,05,969","3,49,323","69,98,059","90,905","1,05,124","54,09,406","5,28,934","1,71,03,787","58,87,571","24,56,127","33,00,411","41,93,433","1,36,77,578","94,02,736","1,59,537","33,673","1,11,67,304","2,25,75,481","4,57,918","4,65,697","3,15,240","2,68,912","78,56,021","2,69,177","50,44,669","1,70,13,350","2,38,924","90,94,255","60,58,833","16,10,723","1,83,32,316","29,18,548","1,47,14,531","31,83,335"
20210601,"1,25,001","1,00,73,383","3,36,544","41,74,248","1,03,63,135","3,55,123","70,10,511","93,188","1,08,759","54,60,280","5,33,473","1,72,99,526","59,54,053","24,70,982","33,33,161","42,26,248","1,38,98,558","95,71,704","1,64,195","34,605","1,11,85,376","2,28,32,743","4,62,278","4,67,892","3,16,259","2,74,949","79,60,089","2,72,489","50,78,254","1,71,18,582","2,38,984","92,35,652","61,42,054","16,14,970","1,86,79,320","29,32,050","1,49,64,714","31,83,335"
20210602,"1,25,504","1,02,25,904","3,43,230","41,99,011","1,04,19,429","3,60,600","70,18,915","95,237","1,12,372","54,98,429","5,37,740","1,74,71,742","60,26,239","24,82,605","33,66,141","42,63,838","1,41,41,929","96,76,157","1,67,974","35,316","1,14,76,780","2,30,52,074","4,69,763","4,69,556","3,16,758","2,77,116","80,32,250","2,75,845","51,11,065","1,72,31,186","2,39,115","93,39,816","62,14,443","16,18,367","1,90,34,656","29,44,247","1,51,81,356","31,90,988"
20210603,"1,26,195","1,03,37,846","3,51,336","42,35,135","1,05,83,676","3,66,525","70,27,097","97,579","1,14,168","55,52,315","5,43,701","1,76,59,698","61,01,593","24,93,942","33,98,095","43,05,504","1,44,02,943","98,40,358","1,71,421","36,333","1,18,51,060","2,32,92,259","4,72,537","4,71,868","3,18,196","2,79,779","81,08,356","2,79,178","51,46,083","1,73,31,633","2,39,296","96,19,198","63,13,719","16,24,554","1,94,31,152","29,62,144","1,54,26,928","31,96,048"
20210604,"1,26,704","1,06,96,049","3,62,881","42,73,647","1,07,68,582","3,71,992","70,37,125","1,00,245","1,15,495","55,93,076","5,51,897","1,79,24,919","61,61,524","25,09,515","34,28,579","43,77,071","1,47,25,429","1,00,15,875","1,74,988","37,327","1,22,13,655","2,36,68,323","4,83,126","4,74,615","3,22,280","2,81,636","81,98,300","2,82,004","52,01,174","1,74,79,393","2,39,487","98,68,998","64,17,283","16,31,250","1,98,38,197","29,87,636","1,57,20,570","31,99,470"
20210605,"1,27,183","1,07,88,005","3,72,699","43,14,250","1,09,16,300","3,77,655","70,46,134","1,02,976","1,19,994","56,51,307","5,63,619","1,81,86,042","62,17,740","25,23,018","34,59,399","44,67,416","1,50,51,909","1,02,03,409","1,77,660","38,271","1,26,23,673","2,40,22,331","4,92,242","4,76,730","3,23,518","2,81,846","82,77,459","2,86,309","52,57,951","1,76,44,680","2,39,567","1,00,06,936","65,62,651","16,35,458","2,02,34,598","30,24,940","1,60,23,947","32,02,595"
20210606,"1,27,191","1,08,52,057","3,76,678","43,38,299","1,10,22,005","3,79,718","70,80,472","1,02,976","1,20,476","56,67,198","5,70,276","1,84,09,862","62,39,057","25,24,262","34,73,893","45,45,540","1,51,83,904","1,02,56,774","1,77,664","39,045","1,27,52,363","2,41,15,999","4,92,351","4,76,738","3,23,519","2,82,432","82,90,523","2,88,831","52,94,105","1,77,21,558","2,39,718","1,00,56,376","66,80,307","16,36,472","2,02,54,000","30,49,382","1,61,41,463","32,02,998"
20210607,"1,27,726","1,09,92,317","3,84,590","43,87,924","1,11,24,175","3,83,084","71,16,057","1,05,790","1,23,391","57,33,489","5,81,461","1,86,64,245","62,92,607","25,36,244","34,98,380","46,07,189","1,54,78,337","1,04,58,971","1,80,253","40,273","1,31,42,438","2,44,11,248","5,04,388","4,78,256","3,27,704","2,91,582","84,55,149","2,94,131","53,39,134","1,78,43,791","2,39,974","1,01,19,582","68,49,610","16,40,491","2,07,11,683","30,83,813","1,64,43,386","32,05,863"
20210608,"1,28,151","1,10,37,411","3,89,896","44,49,008","1,12,18,366","3,84,621","71,43,473","1,08,502","1,26,686","57,82,004","5,91,934","1,89,22,357","63,39,241","25,49,011","35,24,090","46,66,515","1,57,26,831","1,06,76,563","1,81,695","41,553","1,32,06,801","2,46,81,249","5,11,460","4,79,281","3,31,452","3,01,471","86,03,535","2,99,870","53,99,644","1,80,04,932","2,40,645","1,01,67,260","70,21,177","16,43,993","2,11,50,258","31,17,527","1,67,04,034","32,05,863"
20210609,"1,28,483","1,12,24,580","3,95,696","44,90,118","1,14,03,526","3,87,064","71,64,925","1,10,675","1,29,449","58,30,588","6,00,694","1,91,88,514","64,26,960","25,57,793","35,47,946","47,29,484","1,59,78,605","1,08,19,330","1,83,442","42,751","1,35,78,548","2,50,15,546","5,22,482","4,80,203","3,35,037","3,12,156","87,44,175","3,05,420","54,31,675","1,84,76,955","2,44,282","1,02,18,925","72,09,848","16,46,212","2,15,65,323","31,55,806","1,69,34,231","32,09,246"
20210610,"1,29,383","1,14,80,538","4,00,506","45,82,985","1,15,92,170","3,89,334","71,79,201","1,13,072","1,31,969","59,11,818","6,08,379","1,94,59,282","65,49,595","25,66,114","35,79,994","47,98,134","1,62,28,253","1,09,69,126","1,85,982","43,542","1,37,60,927","2,52,66,452","5,27,352","4,82,593","3,39,575","3,20,251","87,99,028","3,11,510","54,58,124","1,88,22,045","2,52,272","1,02,60,805","73,86,484","16,49,707","2,19,99,548","32,06,521","1,71,30,501","32,12,577"
20210611,"1,30,148","1,16,76,594","4,05,424","46,71,194","1,17,69,400","3,95,266","71,89,135","1,17,189","1,37,500","59,90,768","6,14,164","1,97,44,678","66,51,813","25,76,290","36,13,037","48,91,713","1,65,50,353","1,10,87,636","1,89,130","44,750","1,37,87,486","2,55,20,573","5,34,944","4,92,318","3,42,846","3,29,294","88,95,992","3,17,196","55,13,986","1,92,78,428","2,64,894","1,03,25,285","75,94,358","16,52,056","2,24,68,959","32,49,727","1,73,69,605","32,16,175"
20210612,"1,31,034","1,18,50,826","4,10,427","47,54,657","1,19,26,619","4,01,095","72,05,436","1,21,993","1,44,571","60,74,187","6,21,327","2,00,38,418","67,35,642","25,87,433","36,46,922","49,91,249","1,68,52,198","1,11,64,895","1,91,051","46,160","1,38,85,323","2,58,17,728","5,37,380","5,01,647","3,44,044","3,32,806","89,65,839","3,24,318","56,09,454","1,95,89,132","2,73,460","1,06,29,239","78,05,400","16,59,454","2,29,35,815","32,84,586","1,75,83,760","32,19,523"
20210613,"1,31,036","1,19,29,606","4,14,576","48,06,482","1,20,18,966","4,05,014","72,12,530","1,22,063","1,44,818","60,88,651","6,38,579","2,02,70,296","67,69,726","25,87,593","36,76,105","50,97,806","1,69,55,711","1,12,12,878","1,91,052","46,759","1,39,29,901","2,59,09,023","5,37,827","5,03,153","3,44,044","3,36,052","89,75,062","3,26,786","56,97,767","1,97,02,073","2,73,492","1,08,42,928","79,54,551","16,60,575","2,29,56,010","33,19,176","1,76,40,004","32,20,630"
20210614,"1,31,992","1,23,04,416","4,20,878","48,88,213","1,21,25,672","4,11,867","72,52,931","1,26,702","1,45,429","61,50,939","6,58,255","2,05,67,167","68,63,540","26,14,501","37,30,965","51,95,483","1,72,43,110","1,14,06,207","1,92,420","47,956","1,44,31,517","2,62,28,293","5,43,603","5,16,801","3,57,294","3,49,534","90,52,810","3,33,854","57,47,484","1,98,88,081","2,86,482","1,11,31,780","81,48,624","16,81,314","2,34,12,988","33,76,118","1,78,54,448","32,24,404"
20210615,"1,32,923","1,23,88,392","4,26,146","49,46,819","1,21,95,216","4,18,753","72,88,841","1,30,716","1,48,157","62,04,212","6,76,575","2,08,30,209","69,37,134","26,58,650","37,79,537","52,67,421","1,74,50,996","1,16,16,342","1,93,318","48,873","1,44,81,624","2,64,79,757","5,48,155","5,30,708","3,73,076","3,61,657","91,72,995","3,39,438","58,02,605","1,99,81,201","3,02,308","1,12,64,069","83,11,800","17,04,960","2,38,29,486","34,18,028","1,81,02,766","32,28,151"
20210616,"1,33,906","1,24,20,070","4,39,044","49,92,743","1,27,10,936","4,24,977","73,41,970","1,34,051","1,50,701","62,58,937","6,91,694","2,10,81,289","70,02,808","26,98,895","38,15,049","53,40,545","1,76,52,765","1,17,25,448","1,94,480","49,861","1,48,21,925","2,67,19,817","5,54,090","5,44,764","3,93,720","3,72,959","93,30,274","3,52,743","58,80,567","2,00,32,144","3,17,272","1,16,17,077","84,87,288","17,34,765","2,42,03,020","34,43,390","1,82,25,116","32,28,151"
20210617,"1,34,868","1,24,42,374","4,53,756","50,83,878","1,29,66,370","4,31,975","73,90,770","1,37,685","1,53,062","63,48,923","7,08,456","2,12,98,606","71,29,442","27,40,807","38,55,823","54,25,275","1,78,47,653","1,18,71,793","1,96,687","50,324","1,49,52,782","2,69,23,548","5,56,250","5,62,953","4,10,438","3,82,348","94,78,691","3,68,353","59,73,334","2,02,75,580","3,31,757","1,18,98,338","86,66,330","17,88,932","2,46,15,054","34,75,428","1,84,03,605","32,28,151"
20210618,"1,35,816","1,24,65,114","4,69,078","52,01,172","1,31,54,337","4,39,717","74,38,006","1,41,302","1,56,184","64,26,303","7,26,211","2,15,54,322","72,22,588","27,91,630","39,03,646","55,29,321","1,80,68,620","1,19,71,355","1,98,121","50,773","1,49,71,538","2,71,49,623","5,60,740","5,78,089","4,21,359","3,91,995","96,23,259","3,84,512","60,54,921","2,06,18,313","3,47,321","1,21,04,043","88,42,667","18,57,568","2,50,83,047","35,13,683","1,86,10,960","32,31,529"
20210619,"1,36,693","1,24,93,328","4,78,056","53,19,506","1,35,00,283","4,49,323","75,15,887","1,46,407","1,61,886","65,14,825","7,47,074","2,18,81,230","73,12,835","28,18,212","39,50,718","56,48,570","1,83,92,309","1,20,86,457","1,99,274","51,252","1,50,10,092","2,75,76,177","5,65,130","5,89,885","4,28,680","3,94,958","98,13,584","4,09,937","61,72,578","2,08,58,822","3,58,569","1,24,75,687","90,46,515","19,19,754","2,55,72,580","35,40,957","1,89,20,801","32,34,741"
20210620,"1,36,695","1,39,32,868","4,80,393","53,55,239","1,36,71,362","4,52,809","75,63,476","1,46,576","1,62,060","65,26,767","7,59,938","2,20,80,113","73,54,642","28,19,334","39,68,736","57,73,234","1,84,82,685","1,21,45,793","1,99,275","51,543","1,50,11,955","2,76,99,399","5,65,670","5,90,939","4,28,676","3,99,316","98,38,167","4,18,469","62,70,666","2,12,30,677","3,59,370","1,26,80,121","91,52,608","19,42,646","2,55,93,398","35,55,294","1,90,00,432","32,35,557"
20210621,"1,37,476","1,39,95,490","4,94,098","57,19,444","1,42,30,305","4,59,476","76,54,760","1,50,748","1,66,433","66,02,862","7,75,698","2,25,91,453","78,55,655","29,18,363","40,05,925","58,74,120","1,96,07,865","1,24,08,654","2,00,719","51,969","1,67,08,036","2,80,82,920","5,72,286","6,04,147","4,45,757","4,09,466","1,01,37,051","4,36,106","63,65,480","2,16,92,192","3,71,503","1,30,78,161","93,02,211","20,94,009","2,63,22,777","36,75,578","1,93,28,213","32,38,795"
20210622,"1,40,269","1,40,39,082","5,05,076","59,80,756","1,46,26,412","4,67,243","77,64,903","1,54,725","1,70,112","66,87,456","7,90,702","2,30,28,201","79,79,137","30,39,763","40,46,514","59,86,995","2,00,37,438","1,26,39,661","2,02,312","52,411","1,67,60,464","2,86,45,543","5,76,329","6,17,067","4,73,260","4,19,771","1,04,22,623","4,44,683","64,80,942","2,20,98,670","3,85,259","1,33,75,937","94,55,968","22,85,380","2,71,85,347","37,97,639","1,96,36,666","32,38,795"
20210623,"1,44,203","1,40,74,533","5,17,042","63,47,849","1,49,46,692","4,74,303","79,31,019","1,58,435","1,73,499","67,98,262","8,04,407","2,34,78,034","80,63,368","31,83,966","41,14,593","61,21,095","2,04,77,189","1,28,14,385","2,03,709","52,790","1,79,31,217","2,92,92,642","5,82,626","6,29,702","4,96,257","4,30,608","1,07,52,263","4,53,715","65,64,439","2,24,71,201","3,97,112","1,35,91,183","96,25,421","23,43,892","2,80,17,467","39,20,711","2,00,00,988","32,45,211"
20210624,"1,49,269","1,43,51,320","5,29,147","65,13,109","1,52,26,300","4,80,663","81,43,012","1,62,967","1,77,715","69,55,094","8,17,453","2,39,18,802","81,40,496","32,19,012","41,62,997","62,40,166","2,08,74,135","1,30,32,265","2,06,905","53,105","1,87,03,770","2,97,23,637","5,87,863","6,41,756","5,18,547","4,40,569","1,10,32,685","4,61,886","66,64,272","2,26,79,293","4,09,897","1,39,88,481","98,30,287","23,94,083","2,89,22,605","40,23,883","2,03,23,672","32,47,626"
20210625,"1,54,132","1,45,25,917","5,40,811","66,89,354","1,55,16,852","4,88,491","83,77,691","1,68,280","1,89,780","71,21,625","8,33,836","2,42,71,599","83,15,519","33,28,581","42,33,130","64,04,277","2,13,42,378","1,33,05,290","2,11,570","53,433","1,88,01,044","3,02,84,576","5,96,469","6,55,180","5,40,522","4,52,943","1,12,97,161","4,69,755","68,04,577","2,36,73,351","4,23,563","1,44,83,205","1,00,82,492","24,28,805","2,98,66,130","41,24,698","2,07,41,283","32,47,626"
20210626,"1,59,637","1,48,27,795","5,51,624","68,41,959","1,56,84,658","4,98,862","87,30,909","1,75,600","1,97,761","73,29,670","8,56,143","2,46,57,455","84,30,928","34,82,066","42,83,194","65,49,097","2,16,22,687","1,34,84,500","2,16,011","53,749","1,98,03,394","3,10,33,034","6,03,836","6,63,555","5,50,443","4,58,432","1,15,40,401","4,79,417","69,42,241","2,39,87,324","4,33,131","1,48,93,289","1,03,27,015","24,67,724","3,04,53,923","41,94,051","2,10,44,303","32,50,259"
20210627,"1,61,325","1,48,68,807","5,57,825","68,54,805","1,57,45,160","5,04,126","89,26,147","1,78,748","2,00,927","73,39,238","8,71,473","2,48,87,822","84,73,512","34,97,784","43,46,092","66,69,722","2,17,51,030","1,35,35,879","2,16,616","53,856","1,98,26,864","3,11,59,523","6,06,753","6,64,310","5,50,596","4,62,538","1,15,71,722","4,81,872","70,08,331","2,42,51,923","4,33,136","1,50,23,073","1,04,31,143","24,74,551","3,04,79,428","42,14,691","2,11,28,898","32,53,051"
20210628,"1,65,939","1,50,94,823","5,73,270","69,77,119","1,58,03,539","5,11,843","92,01,377","1,87,121","2,08,353","75,43,947","8,92,220","2,51,41,612","86,16,666","36,66,937","44,17,498","67,71,086","2,22,04,063","1,37,48,684","2,21,135","54,138","2,02,91,411","3,17,82,327","6,21,471","6,78,744","5,59,934","4,75,119","1,18,35,396","4,92,563","70,55,210","2,44,39,306","4,48,770","1,52,33,058","1,06,54,678","25,11,305","3,10,04,901","42,63,199","2,14,27,697","32,53,051"
20210629,"1,71,590","1,53,89,563","5,80,611","70,08,747","1,58,56,394","5,19,880","93,95,808","1,96,086","2,14,693","77,47,269","9,14,013","2,54,08,832","87,54,904","38,27,167","44,68,080","68,30,699","2,24,71,238","1,39,48,700","2,24,669","54,664","2,03,03,352","3,21,79,115","6,37,208","6,90,663","5,68,598","4,87,814","1,19,61,123","4,99,905","70,89,058","2,45,49,206","4,62,454","1,55,12,928","1,08,75,199","25,37,113","3,12,10,052","43,39,763","2,17,12,342","32,55,027"
20210630,"1,76,293","1,57,04,570","5,93,805","70,22,981","1,58,99,657","5,26,877","95,27,097","2,05,041","2,22,275","78,93,536","9,34,180","2,56,92,222","88,56,898","38,66,287","45,26,162","68,54,547","2,27,12,679","1,40,96,824","2,26,936","54,700","2,03,14,195","3,24,39,765","6,55,402","6,99,226","5,73,055","5,00,218","1,20,16,528","5,07,394","71,15,090","2,47,31,863","4,73,810","1,56,42,773","1,10,71,480","25,50,351","3,12,81,449","44,01,814","2,18,90,334","32,57,705"
20210701,"1,78,502","1,59,85,928","6,04,285","72,07,805","1,61,18,283","5,33,897","96,52,918","2,12,750","2,27,618","80,51,361","9,46,993","2,59,74,016","90,53,061","39,08,985","45,71,425","68,93,523","2,29,12,093","1,42,42,696","2,28,817","54,928","2,13,08,184","3,27,21,251","6,72,166","7,12,293","5,80,553","5,09,297","1,20,55,224","5,13,461","71,35,856","2,48,02,324","4,83,470","1,58,61,392","1,12,40,596","25,69,120","3,16,35,304","44,46,686","2,20,10,117","32,59,054"
20210702,"1,81,222","1,63,32,633","6,14,532","74,47,893","1,67,26,097","5,41,103","97,38,120","2,21,426","2,31,118","82,12,093","9,60,730","2,62,19,976","92,20,600","39,47,390","46,72,043","69,24,211","2,31,52,655","1,45,31,651","2,30,087","55,294","2,13,26,946","3,31,10,659","6,95,561","7,24,412","5,92,672","5,18,389","1,20,90,220","5,18,757","71,67,659","2,48,87,778","4,93,534","1,61,74,712","1,14,23,356","25,96,135","3,20,69,377","44,79,477","2,23,20,351","32,60,422"
20210703,"1,84,103","1,64,41,451","6,23,835","75,98,322","1,71,23,547","5,51,586","98,76,687","2,30,677","2,35,665","83,73,333","9,80,683","2,65,52,975","93,60,623","39,85,894","47,61,579","70,60,803","2,36,40,276","1,47,64,570","2,32,133","55,632","2,15,95,240","3,39,31,232","7,19,577","7,33,435","6,00,242","5,20,898","1,22,02,553","5,26,271","77,20,542","2,56,68,743","5,01,578","1,66,40,893","1,16,31,665","26,13,605","3,26,00,346","45,27,407","2,25,91,339","32,61,366"
20210704,"1,84,515","1,64,59,868","6,29,129","76,29,658","1,72,57,710","5,58,150","99,54,241","2,34,460","2,35,972","83,82,839","9,90,480","2,68,15,968","94,09,780","39,86,005","48,07,413","72,01,192","2,37,90,982","1,47,90,452","2,32,795","55,674","2,16,02,438","3,40,76,275","7,29,341","7,34,356","6,00,379","5,26,919","1,22,37,343","5,29,437","78,24,931","2,57,69,833","5,01,580","1,67,47,971","1,16,48,353","26,15,569","3,26,29,135","45,88,992","2,26,60,545","32,61,366"
20210705,"1,89,564","1,65,82,264","6,43,694","76,90,453","1,73,85,692","5,66,601","1,00,48,223","2,42,410","2,38,562","84,63,689","10,06,988","2,71,18,597","95,16,095","40,47,142","48,74,579","73,02,375","2,41,86,500","1,49,47,089","2,35,427","56,206","2,20,16,496","3,44,05,122","7,59,467","7,47,495","6,11,897","5,38,963","1,25,92,387","5,39,022","78,74,408","2,58,21,624","5,15,367","1,69,21,705","1,18,30,441","26,30,196","3,34,94,768","46,88,268","2,29,60,808","32,63,028"
20210706,"1,96,489","1,66,33,947","6,54,209","77,12,616","1,75,27,847","5,74,184","1,00,86,826","2,49,694","2,40,556","84,98,379","10,21,435","2,73,31,870","95,82,004","41,15,828","49,30,035","74,45,757","2,44,77,841","1,50,62,318","2,37,561","56,756","2,20,28,496","3,48,03,198","7,85,727","7,63,677","6,20,611","5,52,196","1,29,27,190","5,48,519","78,97,124","2,58,48,324","5,27,470","1,70,18,198","1,19,66,349","26,42,691","3,45,24,680","47,62,978","2,32,05,404","32,64,564"
20210707,"2,02,904","1,66,76,871","6,67,319","77,20,596","1,76,11,620","5,80,735","1,01,05,253","2,56,321","2,42,494","85,20,756","10,36,104","2,73,40,028","96,17,512","41,73,030","50,05,229","75,15,789","2,47,39,593","1,51,20,586","2,38,305","57,325","2,24,87,608","3,54,45,024","8,16,476","7,75,313","6,32,113","5,64,970","1,31,31,821","5,57,995","80,91,520","2,59,37,769","5,37,483","1,70,94,597","1,19,92,902","26,48,622","3,52,72,000","48,01,599","2,33,66,803","32,64,564"
20210708,"2,08,640","1,67,15,916","6,79,744","77,30,326","1,80,69,390","5,86,654","1,01,90,910","2,62,584","2,44,468","86,79,784","10,47,488","2,73,47,218","96,58,333","42,20,208","50,65,105","75,49,823","2,49,42,188","1,52,21,414","2,39,589","57,844","2,32,12,479","3,57,73,148","8,41,137","7,90,114","6,49,616","5,75,404","1,32,76,053","5,66,451","81,15,937","2,61,23,089","5,46,775","1,72,43,531","1,21,06,186","26,62,823","3,60,73,523","48,36,523","2,36,12,973","32,67,834"
20210709,"2,15,752","1,67,52,653","6,91,832","77,91,035","1,83,85,049","5,94,496","1,02,95,201","2,69,810","2,46,282","88,11,016","10,63,057","2,73,53,299","97,68,313","42,58,863","50,88,986","75,73,425","2,52,77,125","1,54,12,624","2,40,818","58,285","2,32,29,286","3,59,75,359","8,54,358","8,02,065","6,67,224","5,86,966","1,33,76,830","5,74,861","81,29,570","2,61,99,594","5,56,100","1,73,36,409","1,22,72,976","26,81,274","3,68,18,042","48,64,399","2,38,53,601","32,69,433"
20210710,"2,22,640","1,69,45,991","7,01,700","79,11,460","1,85,56,378","6,05,255","1,03,64,377","2,77,640","2,48,446","88,90,766","10,83,528","2,76,37,323","98,48,296","42,81,031","51,15,398","76,49,924","2,55,19,101","1,56,67,263","2,42,115","58,606","2,39,20,067","3,63,44,581","8,61,178","8,10,002","6,71,369","5,89,915","1,34,43,965","5,86,989","81,84,234","2,63,31,461","5,60,587","1,74,05,050","1,23,95,197","27,05,506","3,71,66,392","48,89,353","2,40,68,320","32,71,182"
20210711,"2,23,059","1,70,54,774","7,06,088","80,16,547","1,85,92,663","6,11,733","1,03,80,830","2,80,521","2,48,747","89,01,626","10,96,086","2,78,66,284","98,78,728","42,81,308","51,50,140","76,74,781","2,56,24,710","1,57,00,974","2,42,545","58,734","2,39,34,981","3,65,25,990","8,66,040","8,10,573","6,71,701","5,94,408","1,34,51,568","5,94,535","82,12,247","2,64,10,836","5,60,587","1,74,90,450","1,24,09,912","27,08,867","3,71,82,293","49,07,227","2,41,57,687","32,71,721"
20210712,"2,30,498","1,73,57,995","7,17,185","82,66,714","1,89,47,260","6,20,721","1,04,01,331","2,86,917","2,50,704","89,37,940","11,13,781","2,81,23,062","99,30,321","43,19,327","51,96,562","76,94,681","2,58,83,066","1,59,11,448","2,43,556","59,081","2,39,73,514","3,70,24,796","8,80,377","8,24,342","6,85,029","6,06,945","1,35,03,117","6,10,137","84,15,547","2,64,49,174","5,70,259","1,78,47,879","1,25,90,110","27,33,797","3,76,99,060","49,31,189","2,43,57,299","32,72,925"
20210713,"2,40,646","1,78,36,272","7,27,907","83,72,635","1,91,83,585","6,38,707","1,05,53,461","2,95,347","2,54,180","90,88,718","11,32,862","2,84,94,303","1,01,16,538","44,16,349","52,69,715","78,73,731","2,62,11,773","1,61,07,533","2,45,706","60,062","2,41,64,013","3,75,16,773","9,13,430","8,41,218","6,98,676","6,20,563","1,36,70,765","6,22,162","85,22,327","2,70,19,251","5,75,049","1,83,03,910","1,28,20,480","27,70,522","3,85,52,627","49,79,192","2,47,12,787","32,74,160"
20210714,"2,46,684","1,80,40,284","7,36,399","84,75,159","1,93,04,555","6,46,643","1,06,28,139","3,01,322","2,55,580","91,53,718","11,44,976","2,85,03,868","1,01,87,302","44,47,275","52,88,103","79,70,496","2,64,85,333","1,62,06,280","2,46,067","60,568","2,45,68,104","3,79,24,359","9,47,017","8,53,573","7,09,269","6,33,295","1,38,17,163","6,28,616","85,63,884","2,74,43,848","5,76,624","1,85,49,626","1,28,40,922","27,82,607","3,88,37,852","50,24,457","2,50,34,906","32,75,618"
20210715,"2,51,257","1,81,30,235","7,47,033","85,44,204","1,97,87,365","6,55,179","1,06,72,604","3,06,967","2,56,684","91,86,905","11,55,882","2,87,62,502","1,02,58,793","44,73,721","53,64,820","80,19,120","2,66,14,608","1,63,60,272","2,46,543","61,144","2,50,16,969","3,82,68,323","9,74,480","8,70,481","7,21,084","6,43,798","1,40,17,091","6,33,915","85,88,190","2,75,00,622","5,86,105","1,87,32,015","1,29,62,591","28,08,661","3,95,20,085","50,92,621","2,52,73,615","32,77,283"
20210716,"2,54,835","1,83,92,496","7,56,501","86,43,759","2,00,94,323","6,64,346","1,06,86,471","3,13,219","2,57,988","92,74,322","11,66,709","2,90,37,420","1,04,13,030","45,00,778","54,38,002","81,88,134","2,68,51,380","1,64,86,091","2,46,776","61,637","2,50,28,056","3,88,95,265","10,01,547","8,86,581","7,33,641","6,53,594","1,41,44,122","6,39,649","87,68,235","2,76,41,858","5,95,976","1,90,31,907","1,31,48,513","28,27,906","3,99,35,718","51,45,355","2,56,10,430","32,79,309"
