,A & N Islands,Andhra Pradesh,Arunachal Pradesh,Assam,Bihar,Chandigarh,Chhattisgarh,dateymd,Daman & Diu,Delhi,Dadra & Nagar Haveli,Goa,Gujarat,Himachal Pradesh,Haryana,Jharkhand,Jammu & Kashmir,Karnataka,Kerala,Ladakh,Lakshadweep,Maharashtra,Meghalaya,Manipur,Madhya Pradesh,Mizoram,Nagaland,Odisha,Punjab,Puducherry,Rajasthan,Sikkim,status,Telangana,Tamil Naduv,Tripura,Total,State Unassigned,Uttar Pradesh,Uttarakhand,West Bengal
0,0,0,0,0,0,0,0,2020-03-14,0,1,0,0,0,0,0,0,0,1,0,0,0,0,0,0,0,0,0,0,0,0,0,0,Deceased,0,0,0,2,0,0,0,0
0,0,0,0,0,0,0,0,2020-03-15,0,0,0,0,0,0,0,0,0,0,0,0,0,0,0,0,0,0,0,0,0,0,0,0,Deceased,0,0,0,0,0,0,0,0
0,0,0,0,0,0,0,0,2020-03-16,0,0,0,0,0,0,0,0,0,0,0,0,0,0,0,0,0,0,0,0,0,0,0,0,Deceased,0,0,0,0,0,0,0,0
0,0,0,0,0,0,0,0,2020-03-17,0,0,0,0,0,0,0,0,0,0,0,0,0,1,0,0,0,0,0,0,0,0,0,0,Deceased,0,0,0,1,0,0,0,0
0,0,0,0,0,0,0,0,2020-03-18,0,0,0,0,0,0,0,0,0,0,0,0,0,0,0,0,0,0,0,0,0,0,0,0,Deceased,0,0,0,0,0,0,0,0
0,0,0,0,0,0,0,0,2020-03-19,0,0,0,0,0,0,0,0,0,0,0,0,0,0,0,0,0,0,0,0,1,0,0,0,Deceased,0,0,0,1,0,0,0,0
0,0,0,0,0,0,0,0,2020-03-20,0,0,0,0,0,0,0,0,0,0,0,0,0,0,0,0,0,0,0,0,0,0,0,0,Deceased,0,0,0,0,0,0,0,0
0,0,0,0,0,0,0,0,2020-03-21,0,0,0,0,0,0,0,0,0,0,0,0,0,0,0,0,0,0,0,0,0,0,0,0,Deceased,0,0,0,0,0,0,0,0
0,0,0,0,0,1,0,0,2020-03-22,0,0,0,0,1,0,0,0,0,0,0,0,0,1,0,0,0,0,0,0,0,0,0,0,Deceased,0,0,0,3,0,0,0,0
0,0,0,0,0,0,0,0,2020-03-23,0,0,0,0,0,1,0,0,0,0,0,0,0,0,0,0,0,0,0,0,0,0,0,0,Deceased,0,0,0,2,0,0,0,1
0,0,0,0,0,0,0,0,2020-03-24,0,0,0,0,0,0,0,0,0,0,0,0,0,0,0,0,0,0,0,0,0,0,0,0,Deceased,0,1,0,1,0,0,0,0
0,0,0,0,0,0,0,0,2020-03-25,0,0,0,0,0,0,0,0,0,0,0,0,0,0,0,0,1,0,0,0,0,0,0,0,Deceased,0,0,0,1,0,0,0,0
0,0,0,0,0,0,0,0,2020-03-26,0,0,0,0,2,0,0,0,1,1,0,0,0,1,0,0,0,0,0,0,0,0,0,0,Deceased,0,0,0,5,0,0,0,0
0,0,0,0,0,0,0,0,2020-03-27,0,0,0,0,0,0,0,0,0,1,0,0,0,1,0,0,1,0,0,0,0,0,0,0,Deceased,0,0,0,3,0,0,0,0
0,0,0,0,0,0,0,0,2020-03-28,0,0,0,0,1,0,0,0,0,0,1,0,0,2,0,0,0,0,0,0,0,0,0,0,Deceased,1,0,0,5,0,0,0,0
0,0,0,0,0,0,0,0,2020-03-29,0,1,0,0,1,0,0,0,0,0,0,0,0,1,0,0,0,0,0,0,0,0,0,0,Deceased,0,0,0,3,0,0,0,0
0,0,0,0,0,0,0,0,2020-03-30,0,0,0,0,1,0,0,0,0,0,0,0,0,2,0,0,2,0,0,0,2,0,0,0,Deceased,5,0,0,13,0,0,0,1
0,0,0,0,0,0,0,0,2020-03-31,0,0,0,0,0,0,0,0,1,0,1,0,0,1,0,0,1,0,0,0,1,0,0,0,Deceased,0,0,0,6,0,0,0,1
0,0,0,0,0,0,0,0,2020-04-01,0,0,0,0,0,0,0,0,0,0,0,0,0,3,0,0,1,0,0,0,0,0,0,0,Deceased,3,0,0,9,0,2,0,0
0,0,0,0,0,0,0,0,2020-04-02,0,2,0,0,1,0,0,0,0,0,0,0,0,8,0,0,2,0,0,0,1,0,0,0,Deceased,0,0,0,14,0,0,0,0
0,0,1,0,0,0,0,0,2020-04-03,0,2,0,0,2,1,0,0,0,1,0,0,0,5,0,0,0,0,0,0,0,0,0,0,Deceased,2,0,0,14,0,0,0,0
0,0,0,0,0,0,0,0,2020-04-04,0,0,0,0,1,0,0,0,0,0,0,0,0,6,0,0,3,0,0,0,0,0,1,0,Deceased,0,2,0,13,0,0,0,0
0,0,0,0,0,0,0,0,2020-04-05,0,1,0,0,1,0,0,0,0,0,0,0,0,13,0,0,2,0,0,0,2,0,0,0,Deceased,0,2,0,22,0,1,0,0
0,0,2,0,0,0,0,0,2020-04-06,0,0,0,0,1,0,2,0,0,0,0,0,0,7,0,0,2,0,0,0,0,0,1,0,Deceased,0,1,0,16,0,0,0,0
0,0,1,0,0,0,0,0,2020-04-07,0,2,0,0,2,0,0,0,1,0,0,0,0,12,0,0,6,0,0,1,1,0,0,0,Deceased,0,1,0,27,0,0,0,0
0,0,0,0,0,0,0,0,2020-04-08,0,0,0,0,2,0,0,0,0,1,0,0,0,8,0,0,3,0,0,0,1,0,1,0,Deceased,0,1,0,20,0,1,0,2
0,0,2,0,0,0,0,0,2020-04-09,0,3,0,0,2,0,0,1,1,1,0,0,0,25,0,0,9,0,0,0,1,0,0,0,Deceased,1,0,0,46,0,0,0,0
0,0,0,0,1,0,0,0,2020-04-10,0,2,0,0,1,0,0,0,0,0,0,0,0,12,0,0,4,0,0,0,1,0,0,0,Deceased,0,1,0,22,0,0,0,0
0,0,0,0,0,0,0,0,2020-04-11,0,5,0,0,3,0,0,0,0,0,1,0,0,17,0,0,4,0,0,0,1,0,6,0,Deceased,2,1,0,40,0,1,0,0
0,0,1,0,0,0,0,0,2020-04-12,0,5,0,0,2,0,1,1,0,0,0,0,0,22,0,0,3,0,0,0,0,0,2,0,Deceased,2,1,0,42,0,0,0,2
0,0,0,0,0,0,0,0,2020-04-13,0,4,0,0,2,0,0,0,0,2,0,0,0,11,0,0,7,0,0,0,0,0,0,0,Deceased,1,0,0,27,0,0,0,0
0,0,4,0,0,0,0,0,2020-04-14,0,2,0,0,2,0,0,0,0,2,0,0,0,18,0,0,3,0,0,0,1,0,0,0,Deceased,1,1,0,37,0,3,0,0
0,0,3,0,0,0,0,0,2020-04-15,0,2,0,0,5,0,0,0,0,2,0,0,0,9,1,0,0,0,0,0,0,0,0,0,Deceased,0,2,0,27,0,3,0,0
0,0,0,0,0,0,0,0,2020-04-16,0,6,0,0,3,0,0,0,0,1,0,0,0,7,0,0,2,0,0,0,1,0,0,0,Deceased,0,1,0,26,0,2,0,3
0,0,0,0,0,0,0,0,2020-04-17,0,4,0,0,5,0,0,0,1,0,0,0,0,7,0,0,14,0,0,0,0,0,6,0,Deceased,0,0,0,38,0,1,0,0
0,0,2,0,0,1,0,0,2020-04-18,0,1,0,0,12,0,0,0,0,1,0,0,0,10,0,0,0,0,0,0,2,0,4,0,Deceased,0,0,0,35,0,0,0,2
0,0,1,0,0,0,0,0,2020-04-19,0,2,0,0,10,0,0,0,0,2,0,0,0,12,0,0,3,0,0,0,0,0,2,0,Deceased,3,0,0,38,0,3,0,0
0,0,3,0,0,0,0,0,2020-04-20,0,2,0,0,8,0,0,0,0,0,0,0,0,9,0,0,4,0,0,0,0,0,2,0,Deceased,2,2,0,33,0,1,0,0
0,0,2,0,0,0,0,0,2020-04-21,0,0,0,0,19,0,0,0,0,1,0,0,0,19,0,0,4,0,0,0,0,0,1,0,Deceased,0,1,0,53,0,3,0,3
0,0,2,0,0,0,0,0,2020-04-22,0,1,0,0,13,0,0,0,0,0,0,0,0,18,0,0,0,0,0,0,0,0,1,0,Deceased,1,0,0,36,0,0,0,0
0,0,3,0,0,0,0,0,2020-04-23,0,2,0,0,9,0,0,1,0,0,0,0,0,14,0,0,3,0,0,0,1,0,1,0,Deceased,1,2,0,40,0,3,0,0
0,0,2,0,0,0,0,0,2020-04-24,0,3,0,0,15,0,0,0,0,1,1,0,0,18,0,0,9,0,0,0,0,0,4,0,Deceased,0,2,0,59,0,1,0,3
0,0,2,0,0,0,0,0,2020-04-25,0,1,0,0,6,0,0,0,1,0,0,0,0,22,0,0,7,0,0,0,0,0,2,0,Deceased,0,1,0,44,0,2,0,0
0,0,0,0,0,0,0,0,2020-04-26,0,0,0,0,18,0,0,0,0,1,0,0,0,19,0,0,4,0,0,0,1,0,7,0,Deceased,0,1,0,56,0,3,0,2
0,0,0,0,0,0,0,0,2020-04-27,0,0,0,0,11,0,0,0,1,1,0,0,0,27,0,0,7,0,0,0,1,0,9,0,Deceased,0,0,0,58,0,1,0,0
0,0,0,0,0,0,0,0,2020-04-28,0,0,0,0,19,0,0,0,1,0,0,0,0,31,0,0,10,0,0,0,0,0,2,0,Deceased,0,1,0,69,0,3,0,2
0,0,0,0,0,0,0,0,2020-04-29,0,2,0,0,16,0,0,0,0,1,0,0,0,32,0,0,10,0,0,0,0,0,3,0,Deceased,0,2,0,71,0,5,0,0
0,0,0,0,0,0,0,0,2020-04-30,0,3,0,0,17,0,1,0,0,1,0,0,0,27,0,0,7,0,0,0,1,0,3,0,Deceased,3,0,0,75,0,1,0,11
0,0,2,0,0,1,0,0,2020-05-01,0,2,0,0,22,0,0,0,0,0,0,0,0,26,0,0,8,0,0,0,0,0,4,0,Deceased,0,1,0,77,0,2,1,8
0,0,0,0,0,1,0,0,2020-05-02,0,3,0,0,26,0,1,0,0,3,0,0,0,36,0,0,6,0,0,0,0,0,6,0,Deceased,1,1,0,92,0,1,0,7
0,0,0,0,0,0,1,0,2020-05-03,0,0,0,0,28,0,0,0,0,0,0,0,0,27,0,0,5,0,0,0,1,0,3,0,Deceased,0,1,0,140,0,0,0,74
0,0,0,0,0,0,0,0,2020-05-04,0,0,0,0,29,0,1,0,0,2,0,0,0,35,0,0,9,0,0,0,2,0,6,0,Deceased,0,1,0,103,0,7,0,11
0,0,1,0,0,0,0,0,2020-05-05,0,0,0,0,49,1,0,0,0,2,0,0,0,34,0,0,11,0,0,1,2,0,12,0,Deceased,0,2,0,128,0,6,0,7
0,0,2,0,0,0,0,0,2020-05-06,0,1,0,0,28,0,1,0,0,0,0,0,0,34,0,0,9,0,0,0,2,0,4,0,Deceased,0,2,0,91,0,4,0,4
0,0,2,0,0,1,0,0,2020-05-07,0,1,0,0,29,0,0,0,1,1,0,0,0,43,0,0,8,0,0,0,1,0,6,0,Deceased,0,2,0,104,0,2,0,7
0,0,3,0,1,0,1,0,2020-05-08,0,2,0,0,24,0,1,0,0,0,0,0,0,37,0,0,7,0,0,0,1,0,4,0,Deceased,0,3,0,97,0,4,0,9
0,0,3,0,-1,0,0,0,2020-05-09,0,0,0,0,23,0,1,0,0,0,0,0,0,48,0,0,11,0,0,1,2,0,3,0,Deceased,1,4,0,115,0,8,0,11
0,0,1,0,0,1,1,0,2020-05-10,0,5,0,0,21,0,1,0,0,1,0,0,0,53,0,0,4,0,0,0,0,0,2,0,Deceased,0,3,0,112,0,5,0,14
0,0,0,0,0,0,0,0,2020-05-11,0,0,0,0,20,0,1,0,1,0,0,0,0,36,0,0,6,0,0,0,0,0,5,0,Deceased,0,6,0,81,0,1,0,5
0,0,1,0,0,0,0,0,2020-05-12,0,13,0,0,24,0,0,0,0,0,0,0,0,53,0,0,4,0,0,0,1,0,4,0,Deceased,2,8,0,120,0,2,0,8
0,0,1,0,0,1,0,0,2020-05-13,0,20,0,0,29,0,0,0,1,2,0,0,0,54,0,0,7,0,0,0,0,0,4,0,Deceased,2,3,0,137,0,4,0,9
0,0,1,0,0,0,0,0,2020-05-14,0,9,0,0,20,0,0,0,0,2,0,0,0,44,0,0,5,0,0,0,0,0,4,0,Deceased,0,2,0,97,0,2,0,8
0,0,0,0,0,0,0,0,2020-05-15,0,8,0,0,20,0,2,0,0,1,0,0,0,49,0,0,2,0,0,0,0,0,0,0,Deceased,0,5,0,104,0,7,0,10
0,0,1,0,0,1,0,0,2020-05-16,0,6,0,0,19,0,0,0,1,0,0,0,0,67,0,0,4,0,0,0,0,0,1,0,Deceased,0,4,0,120,0,9,0,7
0,0,1,0,0,0,0,0,2020-05-17,0,19,0,0,34,0,1,0,1,1,0,0,0,63,0,0,5,0,0,1,3,0,5,0,Deceased,0,4,0,152,0,8,0,6
0,0,0,0,2,1,0,0,2020-05-18,0,12,0,0,35,0,0,0,2,0,0,0,0,51,0,0,4,0,0,0,2,0,7,0,Deceased,0,3,0,131,0,6,0,6
0,0,2,0,0,0,0,0,2020-05-19,0,6,0,0,25,1,0,0,2,3,0,0,0,76,0,0,6,0,0,1,1,0,5,0,Deceased,4,3,0,146,0,5,0,6
0,0,1,0,0,0,0,0,2020-05-20,0,10,0,0,30,0,0,0,1,1,0,0,0,65,0,0,9,0,0,1,0,0,4,0,Deceased,2,3,0,134,0,4,0,3
0,0,1,0,0,0,0,0,2020-05-21,0,18,0,0,24,0,0,0,2,0,0,0,0,64,0,0,4,0,0,1,1,0,4,0,Deceased,5,7,0,148,0,11,0,6
0,0,1,0,0,2,0,0,2020-05-22,0,14,0,0,29,0,2,0,0,0,1,0,0,63,0,0,1,0,0,0,0,0,2,0,Deceased,3,4,0,142,0,14,0,6
0,0,1,0,0,0,0,0,2020-05-23,0,23,0,0,27,0,0,0,1,1,0,0,0,60,0,0,9,0,0,0,0,0,7,0,Deceased,1,5,0,142,0,3,0,4
0,0,0,0,0,0,1,0,2020-05-24,0,30,0,0,29,0,0,1,0,0,1,0,0,58,0,0,9,0,0,0,1,0,3,0,Deceased,4,8,0,156,0,6,2,3
0,0,0,0,0,2,0,0,2020-05-25,0,15,0,0,30,0,0,0,2,2,0,0,0,60,0,0,10,0,0,0,0,0,4,0,Deceased,3,7,0,150,0,8,1,6
0,0,1,0,0,1,0,0,2020-05-26,0,12,0,0,27,0,0,0,1,0,1,0,0,97,0,0,5,0,0,0,0,0,3,0,Deceased,1,11,0,173,0,8,0,5
0,0,1,0,0,1,0,0,2020-05-27,0,15,0,0,23,2,2,0,2,3,0,0,0,105,0,0,8,0,0,0,0,0,3,0,Deceased,6,6,0,188,0,5,0,6
0,0,1,0,0,0,0,0,2020-05-28,0,13,0,0,22,0,1,0,1,0,1,0,0,85,0,0,8,0,0,0,0,0,7,0,Deceased,4,12,0,176,0,15,0,6
0,0,1,0,0,0,0,1,2020-05-29,0,82,0,0,20,0,0,1,1,1,1,0,0,116,0,0,13,0,0,2,2,0,4,0,Deceased,4,9,0,269,0,4,0,7
0,0,0,0,0,6,0,0,2020-05-30,0,18,0,0,27,0,1,0,0,1,1,0,0,99,0,0,9,0,0,0,2,0,9,0,Deceased,6,6,0,205,0,12,1,7
0,0,2,0,0,2,0,0,2020-05-31,0,57,0,0,31,0,0,0,0,2,0,0,0,89,0,0,7,0,0,0,1,0,1,0,Deceased,5,13,0,222,0,4,0,8
0,0,2,0,0,0,0,0,2020-06-01,0,50,0,0,25,0,1,0,3,1,1,0,0,76,0,0,8,0,0,0,-1,0,5,0,Deceased,6,11,0,201,0,5,0,8
0,0,0,0,0,1,1,1,2020-06-02,0,33,0,0,29,0,2,0,2,0,1,1,0,103,0,0,6,0,0,0,2,0,4,0,Deceased,4,13,0,222,0,7,2,10
0,0,4,0,0,1,0,0,2020-06-03,0,59,0,0,30,0,0,0,1,1,0,0,0,122,0,0,7,0,0,0,1,0,6,0,Deceased,7,8,0,259,0,1,1,10
0,0,3,0,0,3,0,0,2020-06-04,0,44,0,0,33,0,1,1,1,4,3,0,0,123,0,0,6,0,0,0,0,0,4,0,Deceased,6,15,0,274,0,15,2,10
0,0,2,0,0,1,0,0,2020-06-05,0,49,0,0,35,0,0,1,1,0,0,0,0,139,0,0,7,0,0,1,1,0,5,0,Deceased,8,12,0,286,0,12,1,11
0,0,0,0,0,0,0,2,2020-06-06,0,53,0,0,29,0,0,0,3,2,1,0,0,120,0,0,15,0,0,0,2,0,13,0,Deceased,10,19,0,297,0,11,0,17
0,0,2,0,0,1,0,0,2020-06-07,0,51,0,0,30,0,4,0,2,2,0,0,0,91,0,0,13,0,0,1,1,0,9,0,Deceased,14,18,0,261,0,7,2,13
0,0,0,0,0,1,0,0,2020-06-08,0,62,0,0,31,0,11,0,4,3,1,0,0,109,0,0,2,0,0,0,2,0,6,0,Deceased,5,17,0,271,0,8,0,9
0,0,2,0,1,2,0,1,2020-06-09,0,31,0,0,33,0,6,1,3,2,0,0,0,120,0,0,6,0,0,0,2,0,9,0,Deceased,6,18,1,272,0,18,0,10
0,0,1,0,1,1,0,1,2020-06-10,0,79,0,0,34,1,7,0,3,3,1,0,0,149,0,0,7,0,0,0,0,0,4,0,Deceased,8,19,0,358,0,20,2,17
0,0,2,0,0,0,0,0,2020-06-11,0,101,0,0,38,0,12,0,1,3,1,0,0,152,0,0,4,0,0,1,4,2,6,0,Deceased,9,23,0,394,0,24,1,10
0,0,0,0,2,1,0,0,2020-06-12,0,129,0,0,31,0,6,0,1,7,1,0,0,127,0,0,9,0,0,1,4,1,7,0,Deceased,9,18,0,388,0,20,5,9
0,0,2,0,0,0,0,0,2020-06-13,0,57,0,0,33,0,8,0,2,3,0,0,0,113,0,0,7,0,0,0,2,0,10,0,Deceased,8,30,0,309,0,20,2,12
0,0,2,0,0,1,0,3,2020-06-14,0,56,0,0,29,0,10,0,4,5,0,0,0,120,0,0,12,0,0,1,2,1,10,0,Deceased,3,38,0,324,0,14,1,12
0,0,2,0,0,2,1,0,2020-06-15,0,73,0,0,28,0,12,1,3,2,1,0,0,178,0,0,6,0,0,0,4,0,9,0,Deceased,2,44,0,396,0,18,0,10
0,0,2,0,0,1,0,0,2020-06-16,0,437,0,0,28,0,18,0,1,7,0,0,0,1409,0,0,11,0,0,0,1,0,7,0,Deceased,4,49,0,2004,0,18,1,10
0,0,2,0,0,0,0,0,2020-06-17,0,67,0,0,27,0,12,1,1,8,0,0,0,114,0,0,6,0,0,0,6,1,5,0,Deceased,1,48,0,341,0,30,1,11
0,0,2,0,1,5,0,0,2020-06-18,0,65,0,0,31,0,4,1,7,12,1,0,0,100,0,0,4,0,0,0,5,1,17,0,Deceased,3,49,0,343,0,23,0,12
0,0,4,0,0,5,0,1,2020-06-19,0,66,0,0,27,0,10,0,4,9,0,0,0,142,0,0,9,0,0,0,9,1,3,0,Deceased,3,41,0,364,0,19,0,11
0,0,5,0,0,0,0,1,2020-06-20,0,77,0,0,20,0,5,0,6,9,0,0,0,91,0,0,6,0,0,1,6,0,4,0,Deceased,5,38,0,308,0,22,1,11
0,0,5,0,0,2,0,0,2020-06-21,0,63,0,0,25,0,11,0,1,5,0,0,0,186,0,0,14,0,0,4,1,1,12,0,Deceased,7,53,0,426,0,21,0,15
0,0,5,0,0,1,0,1,2020-06-22,0,58,0,1,21,0,9,0,3,5,0,0,0,113,0,0,6,0,0,2,2,0,7,0,Deceased,7,37,0,312,0,19,1,14
0,0,8,0,0,2,0,0,2020-06-23,0,68,0,1,26,0,9,0,2,8,1,0,0,248,0,0,4,0,0,3,4,1,9,0,Deceased,3,39,0,468,0,19,2,11
0,0,10,1,0,1,0,0,2020-06-24,0,64,0,0,25,0,10,1,1,14,0,0,0,208,0,0,9,0,0,0,8,0,10,0,Deceased,5,33,0,424,0,8,5,11
0,0,7,0,0,1,0,0,2020-06-25,0,64,0,0,18,1,10,0,2,6,0,0,0,192,0,0,8,0,0,0,7,0,4,0,Deceased,5,45,0,401,0,15,1,15
0,0,10,0,0,0,0,1,2020-06-26,0,63,0,0,18,0,13,0,1,10,0,0,0,175,0,0,4,0,0,0,2,0,1,0,Deceased,7,46,0,381,0,19,1,10
0,0,11,0,1,2,0,0,2020-06-27,0,66,0,0,18,0,7,0,2,11,0,0,0,167,0,0,4,0,0,1,6,1,11,0,Deceased,6,68,0,414,0,19,0,13
0,0,12,0,1,4,0,0,2020-06-28,0,65,0,1,19,0,5,0,1,16,0,0,0,156,0,0,7,0,0,3,5,1,8,0,Deceased,4,54,0,384,0,11,1,10
0,0,11,0,0,1,0,0,2020-06-29,0,57,0,0,19,0,9,3,1,19,1,0,0,181,0,0,7,0,0,2,5,0,6,0,Deceased,6,62,0,417,0,12,1,14
0,0,7,0,1,5,0,0,2020-06-30,0,62,0,0,20,1,4,0,6,20,1,0,0,245,0,0,8,0,0,2,6,1,8,0,Deceased,7,60,0,506,0,25,2,15
0,0,6,0,0,5,0,1,2020-07-01,0,61,0,1,21,0,4,0,4,7,1,0,0,198,0,0,9,0,0,1,5,0,8,0,Deceased,7,63,0,438,0,21,0,15
0,0,5,0,2,5,0,0,2020-07-02,0,61,0,0,19,0,11,0,10,19,0,0,0,125,0,0,8,0,0,2,3,0,9,0,Deceased,8,57,0,378,0,17,1,16
0,0,8,0,0,6,0,0,2020-07-03,0,59,0,0,18,0,4,0,4,21,0,0,0,198,0,0,4,0,0,2,5,1,10,0,Deceased,8,64,0,444,0,14,0,18
0,0,12,0,0,4,0,0,2020-07-04,0,81,0,2,21,1,5,3,8,42,0,0,0,295,0,0,5,0,0,6,5,1,7,0,Deceased,5,65,0,611,0,24,0,19
0,0,14,0,0,2,0,0,2020-07-05,0,63,0,1,18,0,5,1,5,37,0,0,0,151,0,0,10,0,0,3,2,0,9,0,Deceased,7,60,0,421,0,12,0,21
0,0,7,1,0,7,0,0,2020-07-06,0,48,0,0,17,0,11,1,6,30,2,0,0,204,0,0,9,0,0,2,5,0,5,0,Deceased,11,61,0,473,0,24,0,22
0,0,13,0,2,1,1,0,2020-07-07,0,50,1,1,17,0,3,2,5,15,0,0,0,224,0,0,5,0,0,6,6,0,11,0,Deceased,7,65,0,479,0,18,1,25
0,0,12,0,6,2,0,0,2020-07-08,0,48,0,0,16,0,3,0,6,54,0,0,0,198,1,0,7,0,0,7,3,0,10,0,Deceased,11,64,0,492,0,18,3,23
0,0,13,0,5,9,0,1,2020-07-09,0,45,0,1,15,0,5,1,5,17,0,0,0,219,0,0,5,0,0,6,5,2,9,0,Deceased,7,65,0,479,0,17,0,27
0,0,15,0,8,2,0,2,2020-07-10,0,42,0,0,14,0,3,0,5,57,0,0,0,226,0,0,4,0,0,6,4,1,6,0,Deceased,8,64,0,520,0,27,0,26
0,0,17,0,2,7,1,0,2020-07-11,0,34,0,3,10,0,7,1,10,70,2,0,0,223,0,0,6,0,0,6,8,1,6,0,Deceased,9,69,1,543,0,24,0,26
0,0,19,0,4,7,0,2,2020-07-12,0,37,0,2,13,0,4,7,10,71,2,0,0,173,0,0,9,0,0,5,4,0,7,0,Deceased,8,68,0,500,0,21,1,26
0,0,37,1,4,9,0,0,2020-07-13,0,40,0,3,10,0,7,2,8,73,2,0,0,193,0,0,10,0,0,7,5,0,8,0,Deceased,9,66,0,541,0,21,2,24
0,0,43,0,6,9,2,1,2020-07-14,0,35,0,1,14,0,4,3,8,87,1,0,0,213,0,0,10,0,0,5,9,0,6,0,Deceased,10,67,0,587,0,28,1,24
0,0,44,0,2,14,1,0,2020-07-15,0,41,1,0,10,0,7,2,11,87,1,0,0,233,0,0,9,0,0,5,8,3,6,0,Deceased,11,68,1,614,0,29,0,20
0,0,40,0,2,10,0,1,2020-07-16,0,58,0,1,10,0,3,4,16,104,2,0,0,266,0,0,7,0,0,2,9,1,8,0,Deceased,10,69,0,680,0,34,0,23
0,0,42,0,1,6,0,3,2020-07-17,0,26,0,2,17,0,5,4,9,115,1,1,0,258,0,0,9,0,0,6,9,3,8,0,Deceased,7,79,0,676,0,38,1,26
0,0,52,0,2,4,1,0,2020-07-18,0,26,0,0,19,0,17,2,5,93,2,0,0,144,0,0,8,0,0,3,7,3,7,0,Deceased,6,88,2,543,0,24,1,27
0,0,56,0,4,2,0,0,2020-07-19,0,31,0,1,20,0,5,1,8,91,2,0,0,258,2,0,15,0,0,7,8,0,6,0,Deceased,6,78,0,675,0,38,0,36
0,0,54,0,1,8,0,4,2020-07-20,0,35,0,1,20,0,6,4,10,72,1,0,0,176,0,0,17,0,0,6,8,1,9,0,Deceased,7,70,2,596,0,46,3,35
0,0,62,0,6,11,0,1,2020-07-21,0,27,0,3,34,1,9,8,9,61,1,0,0,246,0,0,18,0,0,8,1,1,9,0,Deceased,7,75,1,671,0,37,0,35
0,0,65,0,2,10,1,0,2020-07-22,0,29,0,2,28,0,8,3,10,55,1,0,0,280,0,0,14,0,0,6,6,1,6,0,Deceased,9,518,1,1130,0,34,2,39
0,0,61,0,4,4,0,5,2020-07-23,0,26,0,1,28,0,6,3,9,97,5,0,0,298,0,0,10,0,0,6,8,3,11,0,Deceased,9,88,1,755,0,35,3,34
0,0,49,0,6,9,0,2,2020-07-24,0,32,0,0,26,1,4,9,14,110,4,0,0,278,1,0,11,0,1,8,5,1,8,0,Deceased,8,88,1,763,0,50,2,35
0,0,52,0,1,11,0,3,2020-07-25,0,29,0,4,22,0,7,7,9,72,5,1,0,257,0,0,8,0,3,10,9,3,11,0,Deceased,8,89,0,703,0,39,1,42
0,0,56,0,2,17,0,4,2020-07-26,0,21,0,2,21,1,3,0,7,82,2,1,0,267,0,0,12,0,0,11,15,2,11,1,Deceased,0,85,2,704,0,39,0,40
0,1,49,0,7,6,1,2,2020-07-27,0,26,0,1,22,0,5,7,9,75,2,0,0,227,0,0,9,0,1,7,12,3,9,0,Deceased,8,77,4,642,0,30,3,39
0,0,58,0,2,14,0,1,2020-07-28,0,28,0,0,24,0,9,4,12,102,4,0,0,282,0,0,10,0,-1,8,18,4,11,0,Deceased,9,88,4,774,0,41,4,38
0,1,65,0,4,4,0,4,2020-07-29,0,26,0,3,24,0,7,5,15,90,1,2,0,298,0,1,14,0,0,6,25,0,10,0,Deceased,12,82,0,775,0,33,2,41
0,1,68,0,2,12,0,1,2020-07-30,0,29,0,3,22,0,4,4,17,83,2,1,0,266,0,3,13,0,0,10,9,1,13,0,Deceased,13,100,0,784,0,57,4,46
0,2,68,0,4,13,1,3,2020-07-31,0,27,0,3,22,0,4,3,12,84,3,0,0,265,0,1,10,0,0,9,16,1,13,0,Deceased,14,94,0,764,0,43,4,45
0,2,58,0,3,14,3,1,2020-08-01,0,26,0,3,24,0,7,8,11,98,8,0,0,322,0,1,9,0,0,11,19,2,14,0,Deceased,11,99,2,854,0,47,3,48
0,1,67,0,4,10,1,3,2020-08-02,0,15,0,5,22,0,5,4,8,84,1,0,0,260,0,1,10,0,0,11,18,1,12,0,Deceased,10,98,4,760,0,53,3,49
0,2,63,0,4,14,0,3,2020-08-03,0,17,0,3,22,0,7,7,11,98,2,0,0,266,0,0,14,0,0,12,19,4,13,0,Deceased,11,109,0,806,0,48,4,53
0,2,67,0,6,13,1,8,2020-08-04,0,12,0,4,25,0,8,4,10,110,3,0,0,300,0,0,12,0,0,10,20,2,13,0,Deceased,12,108,1,849,0,39,5,54
0,2,77,0,6,20,0,2,2020-08-05,0,11,0,4,23,0,7,7,9,100,7,0,0,334,0,0,17,0,2,11,29,7,13,0,Deceased,13,112,2,919,0,40,3,61
0,2,72,0,5,19,0,6,2020-08-06,0,15,0,2,27,0,3,9,10,93,3,0,0,316,0,1,17,0,0,11,26,5,12,0,Deceased,13,110,1,899,0,61,4,56
0,3,89,0,6,12,3,10,2020-08-07,0,23,0,4,22,0,9,6,13,100,5,2,0,300,0,2,16,0,1,12,22,5,10,0,Deceased,12,119,5,936,0,63,10,52
0,1,97,0,8,19,1,3,2020-08-08,0,16,0,2,23,0,7,9,10,93,4,0,0,275,1,1,15,0,0,15,23,5,11,0,Deceased,14,118,1,875,0,47,5,51
0,0,97,0,5,10,1,6,2020-08-09,0,13,0,3,25,1,9,17,13,107,2,0,0,390,0,0,19,0,1,14,24,7,11,0,Deceased,12,119,4,1013,0,41,8,54
0,0,80,0,6,21,0,3,2020-08-10,0,20,0,5,20,2,6,12,6,114,7,0,0,293,0,0,19,0,0,16,18,2,11,0,Deceased,10,114,1,887,0,51,9,41
0,1,87,0,4,15,1,5,2020-08-11,0,8,0,6,23,1,11,5,12,86,5,0,0,256,0,1,18,0,-1,12,32,2,11,0,Deceased,8,118,1,835,0,56,2,49
0,0,93,0,6,9,1,5,2020-08-12,0,14,0,3,18,0,3,8,8,113,6,0,0,344,0,0,15,0,0,9,39,5,11,0,Deceased,9,119,0,950,0,54,4,54
0,1,82,1,8,10,1,8,2020-08-13,0,14,0,2,18,1,8,7,11,103,3,0,0,413,0,1,17,0,0,9,31,6,11,0,Deceased,11,119,1,1006,0,50,3,56
0,2,97,1,6,16,0,13,2020-08-14,0,11,0,2,15,0,7,15,11,104,10,0,0,364,0,0,16,0,0,10,25,4,13,0,Deceased,9,117,2,989,0,55,4,60
0,0,87,0,7,15,0,4,2020-08-15,0,10,0,5,19,0,10,5,7,114,7,1,0,322,0,0,13,0,0,9,40,0,16,0,Deceased,10,127,4,952,0,58,4,58
0,4,88,0,7,22,1,8,2020-08-16,0,8,0,6,20,0,10,15,15,116,10,4,0,288,0,3,11,0,0,10,41,4,14,0,Deceased,9,125,5,952,0,56,1,51
0,1,82,0,8,5,1,8,2020-08-17,0,18,0,7,15,0,12,11,6,115,13,0,0,228,0,1,23,0,0,10,50,4,11,0,Deceased,10,120,4,880,0,66,6,45
0,1,88,0,6,16,0,8,2020-08-18,0,12,0,5,20,0,7,10,13,139,6,3,0,422,0,1,13,0,0,9,36,9,11,1,Deceased,8,121,3,1099,0,70,6,55
0,0,86,0,10,10,1,6,2020-08-19,0,9,0,8,17,2,10,13,11,126,7,1,0,346,0,0,18,0,0,10,22,6,12,1,Deceased,8,116,3,979,0,53,14,53
0,1,95,0,8,6,0,8,2020-08-20,0,22,0,2,16,2,11,8,6,102,9,0,0,326,0,0,12,0,0,8,37,8,11,0,Deceased,10,116,0,981,0,95,9,53
0,1,91,0,6,14,2,8,2020-08-21,0,13,0,9,14,2,7,11,15,93,12,1,0,339,0,2,14,0,0,10,34,6,12,0,Deceased,8,101,4,953,0,64,5,55
0,0,97,0,7,13,0,10,2020-08-22,0,14,0,5,14,4,12,13,15,93,15,2,0,297,1,2,21,0,1,9,45,8,11,0,Deceased,7,80,1,918,0,70,3,48
0,1,93,0,8,9,4,7,2020-08-23,0,16,0,4,14,0,6,8,9,68,5,2,0,258,1,0,23,0,0,10,50,8,11,0,Deceased,11,97,2,846,0,59,5,57
0,2,86,0,10,17,0,9,2020-08-24,0,13,0,4,13,0,10,17,7,127,11,0,0,212,0,0,17,0,0,10,43,5,12,0,Deceased,6,97,1,854,0,61,7,57
0,2,92,0,8,17,3,15,2020-08-25,0,17,0,9,20,1,10,12,14,148,10,1,0,329,0,2,19,0,0,9,49,8,13,0,Deceased,9,107,6,1066,0,72,6,58
0,4,81,0,14,9,1,10,2020-08-26,0,17,0,8,17,2,11,15,19,133,13,1,0,295,0,1,17,0,0,13,41,8,12,0,Deceased,10,118,4,1017,0,82,6,55
0,1,92,0,4,9,2,14,2020-08-27,0,22,0,6,17,1,12,15,14,141,10,2,0,355,1,0,24,0,0,7,37,10,13,0,Deceased,8,109,2,1066,0,76,9,53
0,0,81,2,8,12,2,6,2020-08-28,0,20,0,4,14,0,15,12,7,136,7,1,0,331,1,2,17,0,0,8,51,9,12,0,Deceased,11,102,4,1019,0,77,11,56
0,2,82,0,3,5,0,11,2020-08-29,0,15,0,3,13,1,9,9,7,115,6,4,0,328,0,1,22,0,0,14,41,12,13,0,Deceased,9,87,5,943,0,62,11,53
0,1,88,0,7,9,7,7,2020-08-30,0,22,0,5,17,1,12,12,9,106,7,2,0,296,0,0,29,0,0,12,56,10,13,0,Deceased,10,94,4,960,0,67,7,50
0,1,85,0,10,6,4,8,2020-08-31,0,18,0,9,14,3,7,7,9,113,7,0,0,184,0,0,20,0,0,10,49,7,13,0,Deceased,9,91,5,816,0,63,12,52
0,0,84,0,9,15,1,10,2020-09-01,0,18,0,2,14,4,17,11,14,135,4,1,0,320,2,1,32,0,0,11,59,12,13,1,Deceased,9,96,10,1027,0,56,11,55
0,1,72,0,8,13,2,12,2020-09-02,0,19,0,10,12,1,15,10,15,113,7,0,0,292,1,0,27,0,0,11,106,13,12,0,Deceased,10,98,5,1026,0,74,11,56
0,1,75,1,7,6,4,16,2020-09-03,0,19,0,8,16,5,19,6,11,104,10,0,0,391,0,3,30,0,0,8,72,7,14,1,Deceased,10,92,8,1083,0,75,9,55
0,1,76,0,15,13,5,22,2020-09-04,0,13,0,8,14,2,19,3,12,116,11,0,0,378,1,3,30,0,0,9,49,20,13,0,Deceased,10,79,3,1066,0,71,12,58
0,1,71,0,7,9,1,19,2020-09-05,0,25,0,9,16,4,22,15,15,128,11,0,0,312,1,1,30,0,0,7,69,18,14,0,Deceased,11,64,7,1044,0,81,18,58
0,0,70,0,8,4,2,24,2020-09-06,0,29,0,7,14,1,25,7,14,95,10,0,0,328,1,2,29,0,0,8,54,16,15,0,Deceased,9,85,8,1005,0,77,11,52
0,0,70,0,10,7,3,15,2020-09-07,0,32,0,9,15,1,23,13,17,141,12,0,0,423,1,0,17,0,0,10,61,11,14,0,Deceased,9,89,5,1129,0,56,7,58
0,0,73,1,8,4,1,12,2020-09-08,0,19,0,11,13,4,25,14,14,146,13,0,0,380,0,1,20,0,0,13,67,12,13,2,Deceased,11,87,3,1107,0,71,12,57
0,1,74,0,18,10,2,70,2020-09-09,0,20,0,6,16,3,28,16,17,128,12,0,0,380,2,1,31,0,0,11,71,10,14,0,Deceased,10,78,9,1168,0,65,12,53
0,0,68,0,18,10,3,16,2020-09-10,0,28,0,6,15,3,25,5,13,129,12,1,0,495,1,4,21,0,0,11,88,6,14,0,Deceased,11,64,6,1213,0,94,5,41
0,0,77,1,16,12,3,25,2020-09-11,0,21,0,8,16,5,25,15,9,130,14,2,0,442,4,0,30,0,0,14,63,12,15,4,Deceased,13,77,5,1202,0,76,11,57
0,0,67,0,23,11,6,21,2020-09-12,0,28,0,10,15,2,24,10,10,94,15,1,0,391,1,1,37,0,0,11,76,5,14,2,Deceased,10,76,10,1111,0,67,14,59
0,0,66,0,16,14,1,16,2020-09-13,0,29,0,4,15,4,19,13,14,104,14,1,0,416,1,1,34,0,0,10,68,15,15,3,Deceased,11,74,12,1140,0,80,12,58
0,1,60,1,13,9,5,18,2020-09-14,0,26,0,14,17,5,25,6,17,119,15,1,0,363,2,0,29,0,0,11,67,9,14,0,Deceased,13,53,6,1054,0,62,15,58
0,0,69,2,10,5,1,15,2020-09-15,0,36,0,11,17,8,26,10,19,97,11,3,0,515,1,1,29,0,2,8,91,11,14,3,Deceased,10,68,7,1281,0,113,9,59
0,0,64,0,19,12,5,23,2020-09-16,0,33,0,4,12,1,19,8,18,55,14,2,0,474,0,1,24,0,0,11,78,13,15,0,Deceased,12,57,10,1140,0,86,9,61
0,0,72,0,17,7,5,17,2020-09-17,0,38,0,8,14,7,24,11,19,93,10,1,0,468,3,3,33,0,0,13,54,13,14,4,Deceased,9,59,5,1175,0,81,13,60
0,0,67,0,12,4,4,17,2020-09-18,0,30,0,8,16,12,23,12,15,179,12,1,0,440,2,1,24,0,0,13,60,6,15,3,Deceased,11,67,6,1221,0,98,4,59
0,0,58,0,8,2,6,19,2020-09-19,0,38,0,7,16,5,28,13,21,114,18,1,0,425,2,3,42,0,0,9,51,11,14,2,Deceased,9,66,7,1149,0,84,14,56
0,0,57,0,14,3,4,13,2020-09-20,0,37,0,9,17,4,29,2,14,101,16,0,0,455,0,2,27,0,0,10,56,10,14,1,Deceased,8,60,4,1135,0,94,13,61
0,0,51,0,16,6,3,13,2020-09-21,0,32,0,9,17,7,28,9,23,122,18,1,0,344,2,2,37,0,0,9,47,9,16,0,Deceased,9,60,6,1056,0,88,10,62
0,0,51,1,8,3,4,28,2020-09-22,0,37,0,8,16,5,29,15,18,83,19,0,0,392,2,1,28,0,0,11,66,6,15,0,Deceased,10,76,3,1085,0,77,11,62
0,0,45,0,11,1,10,10,2020-09-23,0,36,0,8,15,5,27,7,20,38,20,1,0,479,2,2,42,0,1,15,64,8,15,1,Deceased,10,63,2,1123,0,87,17,61
0,0,52,0,11,4,7,24,2020-09-24,0,36,0,7,14,10,22,4,22,65,21,3,0,459,1,0,45,0,0,16,76,6,15,1,Deceased,8,66,7,1144,0,67,13,62
0,0,48,0,17,3,1,25,2020-09-25,0,24,0,3,12,7,18,9,21,86,22,2,0,416,0,1,30,0,0,15,68,7,15,0,Deceased,10,72,5,1093,0,84,13,59
0,0,57,0,13,5,0,40,2020-09-26,0,46,0,5,13,7,18,9,20,86,21,1,0,430,0,1,29,0,0,16,54,6,14,0,Deceased,11,85,3,1124,0,67,11,56
0,1,45,0,17,2,2,31,2020-09-27,0,42,0,10,10,11,16,9,7,79,21,1,0,380,0,0,26,0,0,14,50,13,15,2,Deceased,9,80,2,1040,0,77,8,60
0,0,37,1,12,4,6,29,2020-09-28,0,37,0,6,12,5,24,9,14,59,20,0,0,180,3,0,35,0,1,16,46,2,15,2,Deceased,7,70,3,775,0,58,6,56
0,0,35,1,13,2,5,39,2020-09-29,0,48,0,12,11,3,25,12,18,136,22,0,0,430,1,1,39,0,0,15,75,2,15,0,Deceased,9,70,3,1178,0,63,11,62
0,0,48,0,17,10,4,41,2020-09-30,0,41,0,9,11,3,26,13,17,87,23,0,0,481,2,2,35,0,0,14,47,4,15,2,Deceased,11,67,1,1179,0,69,20,59
0,0,41,0,14,2,2,29,2020-10-01,0,40,0,12,10,9,20,8,17,130,29,3,0,394,2,1,20,0,0,17,45,4,14,3,Deceased,8,66,6,1099,0,80,14,59
0,0,31,2,10,4,5,16,2020-10-02,0,37,0,2,15,7,23,8,14,125,20,0,0,424,1,1,36,0,0,16,50,7,16,1,Deceased,10,67,3,1068,0,53,11,53
0,0,41,0,14,2,3,29,2020-10-03,0,34,0,8,12,8,25,5,19,100,22,0,0,278,2,2,27,0,0,17,61,2,14,2,Deceased,8,65,3,937,0,60,12,62
0,0,40,0,14,3,2,14,2020-10-04,0,38,0,6,9,7,20,9,11,67,23,0,0,326,0,3,35,0,0,15,41,5,15,2,Deceased,10,66,4,903,0,52,4,62
0,1,38,1,11,9,3,36,2020-10-05,0,32,0,4,13,7,21,4,10,84,23,0,0,263,5,1,29,0,0,17,38,4,14,1,Deceased,8,62,6,886,0,63,17,61
0,0,33,1,18,1,3,23,2020-10-06,0,39,0,8,10,5,18,10,16,91,25,0,0,370,1,3,25,0,0,16,38,3,15,3,Deceased,10,71,2,990,0,61,8,63
0,0,34,1,7,2,2,30,2020-10-07,0,35,0,9,9,2,19,10,14,113,22,2,0,355,0,2,30,0,0,18,33,5,16,2,Deceased,8,67,0,963,0,47,11,58
0,1,42,1,9,2,4,24,2020-10-08,0,37,0,7,10,7,20,8,9,101,24,0,0,358,0,3,29,0,0,16,29,5,15,1,Deceased,12,68,3,967,0,45,14,63
0,0,31,1,8,5,2,38,2020-10-09,0,39,0,7,9,7,14,6,15,114,25,0,0,302,1,3,27,0,0,17,32,2,16,2,Deceased,7,68,7,929,0,48,14,62
0,0,35,0,9,10,2,39,2020-10-10,0,48,0,8,10,3,10,3,7,102,23,1,0,308,1,2,25,0,0,15,25,1,15,1,Deceased,9,67,2,921,0,60,18,62
0,0,30,1,5,2,1,18,2020-10-11,0,29,0,8,9,2,7,3,9,75,25,0,0,305,1,3,25,0,0,16,35,4,14,1,Deceased,5,65,2,813,0,41,13,59
0,0,32,0,10,9,1,33,2020-10-12,0,40,0,4,8,1,13,11,11,70,22,0,0,169,1,2,21,0,1,18,27,2,15,1,Deceased,6,62,1,710,0,44,15,60
0,0,35,4,4,6,5,20,2020-10-13,0,45,0,3,10,3,9,7,7,87,21,0,0,187,1,4,26,0,1,17,34,2,14,2,Deceased,5,57,1,727,0,28,20,62
0,0,28,1,4,6,2,33,2020-10-14,0,44,0,5,11,1,13,6,12,75,20,0,0,158,5,6,15,0,3,15,31,1,15,0,Deceased,8,52,1,690,0,41,14,64
0,0,38,1,9,5,2,46,2020-10-15,0,26,0,6,11,5,9,8,6,85,23,1,0,337,3,1,24,0,0,17,29,2,14,0,Deceased,8,49,1,882,0,36,18,62
0,1,25,0,10,9,5,40,2020-10-16,0,22,0,6,11,2,11,5,8,73,24,0,0,306,2,5,25,0,0,15,26,1,15,0,Deceased,7,60,4,840,0,46,15,61
0,0,24,0,12,9,1,14,2020-10-17,0,35,0,7,9,3,6,8,6,71,26,1,0,463,0,2,18,0,4,17,19,3,12,0,Deceased,9,54,3,1032,0,40,95,61
0,0,23,0,3,6,1,39,2020-10-18,0,28,0,6,9,3,0,7,7,51,22,0,0,150,0,5,20,0,0,14,13,0,13,1,Deceased,6,56,3,582,0,29,3,64
0,0,24,0,7,7,0,56,2020-10-19,0,31,0,5,8,4,8,3,9,64,21,0,0,125,0,1,13,0,0,17,17,1,12,2,Deceased,4,52,2,589,0,27,6,63
0,0,28,1,9,8,1,50,2020-10-20,0,41,0,6,8,2,12,7,9,66,24,1,0,213,1,4,25,0,0,16,8,2,14,1,Deceased,7,47,0,714,0,29,13,61
0,0,27,0,5,8,0,44,2020-10-21,0,47,0,2,9,5,14,2,5,88,26,1,0,180,1,3,17,0,0,13,23,3,14,0,Deceased,5,39,1,701,0,41,14,64
0,1,16,1,7,7,3,52,2020-10-22,0,35,0,7,7,5,14,8,10,74,23,0,0,198,1,3,14,0,0,15,12,2,12,0,Deceased,5,45,2,686,0,35,8,64
0,1,20,1,4,8,2,58,2020-10-23,0,26,0,4,6,1,17,3,12,51,26,0,0,184,1,5,13,0,0,18,23,2,14,0,Deceased,6,33,5,655,0,40,11,60
0,0,22,0,2,8,2,55,2020-10-24,0,36,0,2,6,5,15,2,6,52,25,3,0,137,1,6,20,0,3,15,12,2,12,0,Deceased,5,35,1,578,0,24,5,59
0,0,21,0,4,7,2,25,2020-10-25,0,33,0,6,7,1,7,2,8,32,26,0,0,112,1,1,10,0,1,16,10,2,13,1,Deceased,4,31,3,483,0,28,9,60
0,0,19,2,2,9,4,43,2020-10-26,0,54,0,6,4,2,10,6,6,42,20,0,0,84,0,5,5,0,2,14,8,0,14,1,Deceased,4,32,0,485,0,20,8,59
0,0,19,1,6,7,1,20,2020-10-27,0,44,0,3,5,5,13,4,7,44,24,2,0,115,1,6,8,0,0,13,13,0,14,2,Deceased,4,27,1,511,0,38,6,58
0,0,18,0,3,4,1,55,2020-10-28,0,40,0,7,6,2,8,4,4,55,27,1,0,91,3,6,15,1,1,12,20,2,10,0,Deceased,4,35,0,515,0,18,2,60
0,1,16,1,6,7,1,53,2020-10-29,0,27,0,5,4,6,8,3,11,45,26,0,0,156,2,4,16,0,1,13,10,2,11,0,Deceased,5,35,1,562,0,25,0,61
0,0,17,0,3,8,0,49,2020-10-30,0,47,0,5,6,5,11,0,5,49,28,0,0,127,0,4,12,0,4,11,19,0,10,0,Deceased,6,38,1,550,0,24,2,59
0,0,14,0,4,6,1,63,2020-10-31,0,41,0,2,5,6,12,1,7,28,27,1,0,74,1,4,10,0,0,12,16,0,9,1,Deceased,6,31,0,469,0,18,12,57
0,1,16,0,1,7,0,49,2020-11-01,0,51,0,5,5,8,6,1,4,24,28,0,0,113,2,3,7,0,0,11,11,3,10,1,Deceased,5,30,0,491,0,26,4,59
0,0,13,1,1,4,1,58,2020-11-02,0,42,0,7,4,10,15,1,8,29,21,1,0,104,0,9,7,0,3,9,13,0,9,4,Deceased,7,31,2,498,0,25,2,57
0,0,15,4,2,7,1,58,2020-11-03,0,48,0,2,6,8,7,5,12,26,26,0,0,120,0,4,9,0,0,12,18,1,10,0,Deceased,3,31,2,510,0,13,4,56
0,0,10,1,0,5,1,50,2020-11-04,0,51,0,8,6,11,19,3,9,34,28,3,0,300,0,3,13,0,2,12,14,1,9,0,Deceased,6,30,3,707,0,15,5,55
0,0,13,0,0,8,0,44,2020-11-05,0,66,0,4,7,6,23,0,6,31,26,0,0,256,1,2,5,1,1,14,22,1,10,2,Deceased,5,28,0,672,0,27,9,54
0,0,11,0,4,8,1,52,2020-11-06,0,64,0,3,4,4,21,1,6,35,27,1,0,161,0,2,12,0,0,15,14,0,11,0,Deceased,4,27,1,577,0,24,9,55
0,0,11,2,2,7,2,22,2020-11-07,0,79,0,8,5,6,17,2,5,22,28,0,0,150,2,3,13,0,0,17,15,2,13,1,Deceased,6,25,2,557,0,25,7,58
0,0,12,1,4,8,2,13,2020-11-08,0,77,0,2,7,6,15,0,5,22,24,4,0,125,0,3,11,0,1,15,8,1,10,2,Deceased,5,20,1,491,0,26,2,59
0,0,11,0,4,7,3,17,2020-11-09,0,71,0,4,5,7,7,8,9,19,22,1,0,85,1,1,6,0,0,16,20,1,9,1,Deceased,4,18,2,450,0,25,10,56
0,0,12,0,5,5,4,18,2020-11-10,0,83,0,4,5,12,16,5,7,20,28,0,0,110,0,2,8,0,4,13,20,2,10,1,Deceased,4,25,0,511,0,30,5,53
0,0,14,0,2,6,2,25,2020-11-11,0,85,0,5,6,9,23,3,9,23,29,1,0,125,0,2,13,0,0,15,31,1,11,2,Deceased,5,28,0,550,0,20,6,49
0,1,9,1,3,5,1,20,2020-11-12,0,104,0,0,6,6,21,4,8,21,25,3,0,122,4,5,10,0,0,14,23,2,13,3,Deceased,3,25,0,544,0,21,7,54
0,0,10,0,1,7,2,18,2020-11-13,0,91,0,2,6,11,27,4,8,17,26,0,0,127,0,6,11,0,2,12,16,1,12,1,Deceased,4,14,1,517,0,25,4,51
0,0,7,1,3,5,0,17,2020-11-14,0,96,0,1,6,8,5,1,6,17,26,0,0,105,2,5,7,1,0,15,0,0,12,1,Deceased,4,12,2,450,0,27,5,53
0,0,14,0,2,5,2,16,2020-11-15,0,95,0,3,6,11,8,2,9,21,21,0,0,60,0,3,7,1,0,17,30,0,10,2,Deceased,3,12,0,434,0,18,5,51
0,0,13,0,1,5,2,26,2020-11-16,0,99,0,1,5,8,19,4,8,12,19,4,0,60,1,3,2,1,1,16,22,0,12,2,Deceased,3,17,2,451,0,21,9,53
0,0,9,0,2,5,2,19,2020-11-17,0,99,0,4,7,12,25,3,7,16,27,1,0,68,1,1,10,0,0,17,30,0,11,1,Deceased,3,18,0,472,0,19,3,52
0,0,9,0,3,7,1,23,2020-11-18,0,131,0,3,8,13,30,3,9,21,28,0,0,100,1,6,13,0,1,15,31,0,12,3,Deceased,5,18,0,586,0,29,9,54
0,0,11,1,0,8,1,26,2020-11-19,0,98,0,0,7,12,20,3,5,26,26,1,0,154,1,0,14,0,0,17,15,1,15,0,Deceased,4,19,0,582,0,39,5,53
0,0,10,0,2,3,1,19,2020-11-20,0,118,0,2,7,11,25,2,4,17,28,1,0,155,2,1,9,0,2,16,16,0,14,1,Deceased,4,18,1,564,0,20,5,50
0,0,7,0,2,4,3,22,2020-11-21,0,111,0,3,9,18,25,6,2,20,25,2,0,62,2,1,11,0,1,17,23,0,16,0,Deceased,3,18,1,499,0,24,8,53
0,0,11,0,1,5,2,19,2020-11-22,0,121,0,2,13,19,25,5,5,13,27,2,0,50,2,3,13,0,2,15,19,0,17,3,Deceased,4,19,0,510,0,35,9,49
0,0,10,0,1,6,3,14,2020-11-23,0,121,0,0,17,22,28,3,12,24,22,1,0,30,0,2,10,0,2,17,17,0,18,1,Deceased,3,17,3,481,0,23,7,47
0,0,8,0,1,6,2,21,2020-11-24,0,109,0,2,16,12,33,2,10,17,24,4,0,30,0,2,11,0,0,14,22,0,19,2,Deceased,4,17,1,489,0,33,18,49
0,0,6,0,2,4,1,16,2020-11-25,0,99,0,4,14,13,42,3,12,19,26,3,0,65,0,5,14,0,0,16,31,0,18,0,Deceased,4,16,0,518,0,29,5,51
0,0,8,0,0,6,4,18,2020-11-26,0,91,0,2,16,14,25,3,5,12,27,5,0,65,0,4,12,0,2,17,26,0,19,0,Deceased,3,14,0,491,0,30,11,52
0,0,6,1,2,5,0,12,2020-11-27,0,98,0,1,16,13,29,1,8,12,23,1,0,85,0,7,15,0,1,14,27,0,18,1,Deceased,4,12,0,486,0,23,5,46
0,0,5,1,0,5,4,17,2020-11-28,0,89,0,0,15,11,30,1,4,12,25,2,0,88,1,7,13,0,0,12,28,0,19,4,Deceased,3,13,0,495,0,21,13,52
0,0,7,3,1,6,2,10,2020-11-29,0,68,0,1,16,12,26,0,5,15,27,0,0,85,0,10,13,0,0,4,15,0,18,1,Deceased,4,9,0,444,0,24,8,54
0,0,4,0,0,5,1,21,2020-11-30,0,108,0,1,20,10,27,1,9,13,21,1,0,80,0,8,10,0,0,5,27,1,20,1,Deceased,3,9,0,482,0,19,9,48
0,0,4,0,0,4,1,31,2020-12-01,0,86,0,2,15,21,28,5,8,14,26,2,0,95,1,8,10,1,0,5,14,1,19,1,Deceased,3,10,0,501,0,27,7,52
0,0,7,0,2,6,3,27,2020-12-02,0,82,0,3,14,11,32,2,6,16,28,0,0,111,2,2,17,0,0,6,21,1,19,1,Deceased,1,11,2,526,0,29,13,51
0,0,11,0,2,7,3,22,2020-12-03,0,82,0,3,13,18,32,6,10,13,31,0,0,115,2,3,13,0,0,5,20,1,20,0,Deceased,3,14,0,541,0,31,12,49
0,0,6,1,2,6,3,15,2020-12-04,0,73,0,0,18,13,19,1,12,13,29,1,0,127,2,1,14,0,1,5,20,1,19,1,Deceased,2,15,0,511,0,29,10,52
0,0,4,0,2,5,2,21,2020-12-05,0,77,0,1,15,13,25,1,12,12,32,0,0,95,0,4,12,0,0,5,23,0,20,3,Deceased,3,15,0,482,0,23,8,49
0,0,9,0,4,3,2,12,2020-12-06,0,69,0,1,17,11,24,7,4,10,28,0,0,40,2,7,11,0,1,6,10,0,20,0,Deceased,2,16,0,390,0,24,4,46
0,0,5,0,2,2,2,21,2020-12-07,0,63,0,3,14,7,23,2,9,11,23,1,0,40,0,3,10,0,0,7,19,1,19,2,Deceased,2,16,1,386,0,20,10,48
0,0,4,0,2,3,3,15,2020-12-08,0,57,0,0,15,14,13,0,6,13,31,1,0,53,2,2,11,0,1,6,30,0,20,0,Deceased,3,13,0,402,0,23,12,49
0,0,3,0,1,3,1,13,2020-12-09,0,50,0,2,13,12,26,3,6,20,35,0,0,75,0,7,8,0,0,5,16,0,17,0,Deceased,3,14,0,413,0,20,13,47
0,0,2,0,1,4,1,16,2020-12-10,0,61,0,0,12,8,26,2,8,12,26,0,0,70,1,0,7,0,1,5,27,2,15,0,Deceased,2,17,0,411,0,24,12,49
0,0,2,0,1,5,1,14,2020-12-11,0,60,0,0,13,20,23,2,11,16,29,1,0,87,1,2,9,1,0,4,29,2,14,1,Deceased,3,17,1,442,0,14,9,50
0,0,3,0,0,5,1,16,2020-12-12,0,47,0,2,12,10,11,0,7,11,32,0,0,80,1,2,9,0,0,4,21,0,14,0,Deceased,4,13,1,391,0,31,10,44
0,0,5,0,2,4,1,13,2020-12-13,0,33,0,1,11,8,7,4,6,5,29,0,0,70,3,0,13,0,0,5,20,0,14,0,Deceased,4,12,1,338,0,16,4,47
0,0,2,0,1,4,1,19,2020-12-14,0,60,0,1,11,12,16,1,3,10,24,0,0,60,2,2,8,0,1,4,21,1,13,0,Deceased,3,14,0,354,0,11,6,43
0,0,5,0,1,4,2,19,2020-12-15,0,41,0,3,11,11,18,1,10,11,33,0,0,70,1,3,13,0,0,4,19,1,13,1,Deceased,3,10,0,384,0,20,11,45
0,0,3,0,3,3,0,10,2020-12-16,0,32,0,3,10,12,14,3,5,6,27,0,0,95,2,2,8,0,1,5,18,1,10,2,Deceased,3,12,2,356,0,15,3,46
0,0,2,0,3,5,0,11,2020-12-17,0,35,0,3,8,10,17,3,9,10,27,0,0,65,0,3,9,0,3,5,15,0,11,1,Deceased,3,11,0,342,0,20,9,44
0,0,1,0,1,4,1,7,2020-12-18,0,37,0,2,9,9,21,1,7,8,23,1,0,75,0,2,11,0,0,4,20,1,10,1,Deceased,1,12,0,342,0,16,15,42
0,0,4,0,1,6,1,9,2020-12-19,0,32,0,0,7,3,13,2,4,15,29,0,0,74,0,2,15,0,0,3,19,1,9,0,Deceased,4,14,0,342,0,23,9,43
0,0,2,0,5,5,2,9,2020-12-20,0,26,0,3,7,6,5,0,4,5,30,0,0,98,1,1,13,0,0,4,12,2,9,1,Deceased,3,15,0,332,0,19,5,40
0,1,2,1,3,6,2,18,2020-12-21,0,27,0,2,7,9,11,1,3,7,27,1,0,55,0,0,9,0,0,3,11,1,9,0,Deceased,2,12,2,302,0,16,13,41
0,0,4,0,4,4,2,13,2020-12-22,0,25,0,2,7,4,10,3,6,13,27,0,0,75,0,0,12,0,3,4,18,2,8,0,Deceased,3,17,0,329,0,12,13,38
0,0,3,0,5,5,1,15,2020-12-23,0,18,0,2,6,5,5,0,3,9,22,0,0,93,1,1,12,1,1,3,13,0,8,1,Deceased,4,12,3,315,0,21,8,34
0,0,4,0,4,4,1,22,2020-12-24,0,37,0,1,8,5,7,2,7,1,22,1,0,89,0,3,10,0,0,4,17,0,8,0,Deceased,2,12,1,337,0,22,11,32
0,0,2,0,0,2,0,14,2020-12-25,0,30,0,0,6,3,4,0,1,5,16,0,0,71,0,3,12,0,0,3,9,0,7,0,Deceased,3,12,0,251,0,12,5,31
0,0,1,0,2,6,1,12,2020-12-26,0,23,0,3,7,11,7,2,6,7,21,0,0,60,3,0,9,0,1,4,12,1,7,0,Deceased,2,11,1,280,0,14,13,33
0,0,2,0,2,4,0,18,2020-12-27,0,16,0,0,7,6,9,1,2,11,25,0,0,66,0,4,18,0,0,4,18,1,6,0,Deceased,2,10,0,281,0,13,7,29
0,0,4,0,1,3,1,26,2020-12-28,0,21,0,3,6,2,8,1,6,8,14,0,0,50,0,0,9,0,1,3,13,0,7,1,Deceased,2,11,0,250,0,16,6,27
0,0,2,0,2,3,0,17,2020-12-29,0,28,0,1,7,4,10,5,4,4,24,1,0,68,0,5,10,0,0,4,10,2,6,0,Deceased,2,12,0,285,0,18,6,30
0,0,4,0,3,4,0,14,2020-12-30,0,21,0,2,7,6,7,2,1,7,28,0,0,90,1,1,13,0,0,3,9,0,6,1,Deceased,3,17,0,299,0,12,9,28
0,0,4,0,2,4,1,21,2020-12-31,0,13,0,2,4,3,6,3,3,9,30,0,0,58,0,1,11,0,0,2,10,0,7,0,Deceased,3,13,0,244,0,0,5,29
0,0,0,0,4,3,1,4,2021-01-01,0,21,0,0,3,2,6,0,1,6,23,0,0,59,0,1,12,0,0,3,8,0,4,1,Deceased,3,13,0,237,0,27,6,26
0,0,3,0,2,3,1,11,2021-01-02,0,14,0,0,5,2,4,4,1,3,21,0,0,51,0,1,9,0,0,4,15,0,5,1,Deceased,2,11,0,216,0,8,7,28
0,0,4,0,1,2,1,14,2021-01-03,0,14,0,2,4,6,2,1,1,8,25,0,0,35,0,1,14,0,0,3,12,0,5,0,Deceased,3,10,0,215,0,16,5,26
0,0,3,0,2,3,1,12,2021-01-04,0,12,0,2,3,2,6,1,5,3,19,0,0,29,0,3,7,0,0,2,24,2,4,0,Deceased,2,10,0,200,0,10,8,25
0,0,4,0,3,7,1,25,2021-01-05,0,12,0,1,4,4,4,2,6,8,24,0,0,64,2,2,14,0,0,2,4,0,5,0,Deceased,3,11,0,265,0,20,9,24
0,0,3,0,0,5,1,10,2021-01-06,0,16,0,0,4,2,7,2,3,6,25,0,0,66,0,0,8,0,1,0,8,0,4,0,Deceased,2,11,2,222,0,9,5,22
0,0,1,0,2,4,2,7,2021-01-07,0,19,0,0,3,1,6,1,3,7,25,0,0,72,0,1,12,0,2,1,10,1,4,0,Deceased,3,12,0,233,0,10,6,18
0,0,1,0,0,4,1,15,2021-01-08,0,10,0,0,3,2,3,2,4,3,23,0,0,73,2,0,9,0,1,2,15,0,0,0,Deceased,2,8,1,229,0,17,7,21
0,0,1,0,1,2,1,15,2021-01-09,0,12,0,2,5,3,6,2,2,4,22,0,0,57,0,1,10,0,1,1,2,0,4,0,Deceased,2,7,0,213,0,24,6,20
0,0,1,0,1,4,0,6,2021-01-10,0,12,0,1,4,1,1,2,1,2,23,0,0,34,0,0,10,1,0,0,6,2,3,0,Deceased,2,7,0,150,0,2,5,19
0,0,2,0,3,5,0,15,2021-01-11,0,13,0,2,3,2,6,1,1,4,20,0,0,40,0,0,7,0,0,1,2,0,2,0,Deceased,1,6,0,166,0,9,5,16
0,0,2,0,0,4,1,12,2021-01-12,0,16,0,0,3,0,8,0,1,5,25,1,0,50,0,0,8,0,0,2,9,1,3,0,Deceased,2,8,0,200,0,10,11,18
0,0,1,0,1,2,1,10,2021-01-13,0,11,0,1,4,2,2,0,0,3,26,0,0,70,1,0,6,0,2,1,7,0,3,0,Deceased,3,6,1,201,0,15,4,18
0,0,4,0,0,2,1,10,2021-01-14,0,4,0,2,3,0,6,0,3,3,19,0,0,70,0,0,8,0,0,1,10,1,2,1,Deceased,1,4,0,189,0,14,3,17
0,0,1,0,1,2,0,7,2021-01-15,0,10,0,1,3,0,7,1,5,3,23,0,0,45,0,0,6,0,2,2,12,0,0,0,Deceased,2,5,1,176,0,15,6,16
0,0,0,0,4,4,0,7,2021-01-16,0,6,0,3,3,1,4,1,1,4,27,0,0,52,0,1,5,0,0,1,14,2,2,0,Deceased,1,6,1,181,0,12,4,15
0,0,1,0,3,4,0,7,2021-01-17,0,8,0,0,2,2,2,0,0,4,21,0,0,50,0,0,2,0,0,1,5,0,1,0,Deceased,2,7,0,145,0,6,5,12
0,0,1,0,2,3,0,7,2021-01-18,0,8,0,0,2,1,4,4,1,9,17,0,0,35,0,0,3,0,0,1,5,1,3,0,Deceased,2,8,0,137,0,4,6,10
0,0,1,0,0,1,0,10,2021-01-19,0,10,0,0,2,0,4,3,1,6,26,1,0,50,0,1,7,0,0,1,7,0,2,1,Deceased,2,9,0,162,0,4,2,11
0,0,0,0,2,3,0,10,2021-01-20,0,10,0,0,2,0,4,0,0,4,18,0,0,59,0,0,7,0,0,0,4,0,2,0,Deceased,2,9,0,152,0,7,3,6
0,0,0,0,0,4,1,8,2021-01-21,0,8,0,1,1,3,3,1,1,2,21,0,0,52,2,0,6,0,0,1,15,0,2,0,Deceased,1,9,0,161,0,6,4,9
0,0,4,0,0,4,1,8,2021-01-22,0,7,0,1,2,0,5,2,4,3,19,0,0,50,0,2,4,0,0,0,8,0,0,0,Deceased,2,8,0,153,0,8,3,8
0,0,1,0,0,4,1,8,2021-01-23,0,10,0,3,1,1,4,1,1,3,23,0,0,56,0,0,6,0,0,1,10,1,2,1,Deceased,2,2,0,156,0,4,0,10
0,0,0,0,1,3,1,8,2021-01-24,0,9,0,0,1,2,1,2,0,4,20,0,0,45,0,0,3,0,0,1,2,1,0,1,Deceased,1,7,0,131,0,8,2,8
0,0,2,0,0,4,0,13,2021-01-25,0,5,0,1,3,0,4,1,0,3,17,0,0,30,0,0,2,0,0,1,5,0,2,0,Deceased,1,4,0,116,0,7,4,7
0,0,1,0,1,3,0,14,2021-01-26,0,7,0,1,2,0,0,0,1,4,19,0,0,47,0,0,2,0,0,0,11,0,0,0,Deceased,2,5,0,138,0,8,1,9
0,0,2,0,2,4,0,3,2021-01-27,0,9,0,0,1,1,0,2,1,3,20,0,0,32,0,1,6,0,0,0,10,1,1,0,Deceased,1,8,0,123,0,4,3,8
0,0,0,0,0,2,0,35,2021-01-28,0,6,0,2,2,0,0,3,1,2,19,0,0,50,0,0,3,0,0,0,9,1,2,0,Deceased,1,6,0,162,0,6,3,9
0,0,0,0,0,3,0,7,2021-01-29,0,6,0,1,1,0,1,1,1,2,22,0,0,56,0,1,3,0,0,0,11,0,2,0,Deceased,2,6,0,137,0,4,0,7
0,0,1,0,1,4,0,9,2021-01-30,0,8,0,0,2,2,2,1,3,2,18,1,0,42,0,0,2,0,0,0,8,0,1,0,Deceased,2,5,0,128,0,4,1,9
0,0,0,0,0,2,0,3,2021-01-31,0,4,0,2,0,3,1,1,0,4,21,0,0,40,0,0,3,0,0,0,6,1,0,0,Deceased,1,6,0,116,0,8,1,9
0,0,1,0,1,2,0,5,2021-02-01,0,3,0,0,1,0,4,1,0,3,17,0,0,27,0,0,2,0,0,0,1,3,0,0,Deceased,2,7,0,94,0,4,4,6
0,0,2,0,0,4,1,5,2021-02-02,0,2,0,0,1,1,1,2,2,3,16,0,0,30,1,0,3,0,0,0,12,0,2,2,Deceased,1,4,0,113,0,6,3,9
0,0,1,0,0,3,1,7,2021-02-03,0,6,0,0,2,1,1,2,3,2,20,0,0,30,0,1,1,0,0,0,0,1,2,0,Deceased,2,4,0,107,0,6,4,7
0,0,0,0,1,2,1,6,2021-02-04,0,7,0,2,1,1,2,0,2,2,17,0,0,46,0,0,2,0,0,1,7,0,0,0,Deceased,2,4,0,120,0,6,4,4
0,0,1,0,0,2,1,8,2021-02-05,0,2,0,0,1,0,1,0,1,3,19,0,0,40,0,0,1,0,0,1,-1,2,1,0,Deceased,1,4,0,95,0,2,3,2
0,0,1,0,0,1,0,3,2021-02-06,0,4,0,0,1,1,0,0,0,3,16,0,0,25,0,0,1,0,0,1,6,0,1,0,Deceased,1,3,0,75,0,4,2,1
0,0,0,0,0,1,2,6,2021-02-07,0,2,0,2,1,1,2,1,0,3,19,0,0,30,0,1,0,0,0,0,2,0,0,0,Deceased,2,1,0,86,0,1,4,5
0,0,1,0,1,1,1,3,2021-02-08,0,3,0,0,1,0,0,0,0,3,16,0,0,15,1,0,3,0,0,1,11,1,2,0,Deceased,1,4,0,78,0,4,3,2
0,0,0,0,1,1,1,2,2021-02-09,0,0,0,2,1,3,4,0,0,2,19,0,0,35,0,0,2,0,0,0,8,0,0,0,Deceased,1,4,0,94,0,0,2,6
0,0,1,0,0,2,1,9,2021-02-10,0,2,0,2,0,1,0,3,1,3,18,0,0,30,0,0,2,0,0,0,14,1,3,0,Deceased,1,5,0,110,0,5,1,5
0,0,0,0,0,1,1,4,2021-02-11,0,2,0,0,2,1,1,0,2,7,16,0,0,25,0,0,1,0,0,0,7,0,2,0,Deceased,0,6,0,85,0,0,2,5
0,0,1,0,0,1,0,7,2021-02-12,0,3,0,1,1,1,1,0,1,8,18,0,0,36,0,0,1,0,0,0,8,0,1,0,Deceased,1,6,0,104,0,2,2,4
0,0,0,0,1,2,1,5,2021-02-13,0,0,0,1,0,1,4,1,1,4,16,0,0,38,0,0,0,0,0,0,4,0,1,0,Deceased,0,5,0,89,0,1,2,1
0,0,0,0,0,1,1,1,2021-02-14,0,2,0,1,1,2,0,1,2,2,15,0,0,40,0,0,5,0,0,0,3,1,0,0,Deceased,2,6,0,91,0,3,0,2
0,0,1,0,2,2,0,5,2021-02-15,0,2,0,2,0,0,0,2,0,2,13,0,0,23,0,0,4,1,0,1,10,1,0,0,Deceased,2,6,0,82,0,2,0,1
0,0,0,0,0,1,1,6,2021-02-16,0,1,0,3,1,0,1,-1,0,6,18,0,0,39,0,0,3,0,2,1,5,0,0,0,Deceased,1,7,0,99,0,0,2,2
0,0,2,0,1,1,1,5,2021-02-17,0,0,0,2,1,0,1,0,0,3,16,0,0,40,0,0,1,0,0,0,10,2,1,0,Deceased,1,6,0,100,0,3,1,2
0,0,1,0,1,2,0,2,2021-02-18,0,2,0,0,0,0,1,0,3,6,14,0,0,38,0,0,2,0,1,1,10,0,1,0,Deceased,2,6,0,100,0,4,1,2
0,0,1,0,0,1,0,3,2021-02-19,0,1,0,1,1,0,0,0,0,5,15,0,0,44,0,0,2,0,0,1,8,2,1,0,Deceased,1,7,0,100,0,1,2,3
0,0,0,0,0,2,1,2,2021-02-20,0,1,0,0,0,0,0,0,0,5,13,0,0,40,0,0,4,0,0,0,8,0,1,0,Deceased,0,6,0,89,0,2,0,4
0,0,0,0,0,1,0,5,2021-02-21,0,2,0,0,1,1,0,1,0,2,15,0,0,35,0,0,4,0,0,0,6,1,0,0,Deceased,1,3,0,83,0,1,1,3
0,0,0,0,0,1,1,6,2021-02-22,0,1,0,0,1,0,0,1,0,5,16,0,0,18,0,0,0,0,0,0,15,0,0,0,Deceased,1,6,0,76,0,0,2,2
0,0,1,0,0,1,0,3,2021-02-23,0,2,0,1,0,0,0,0,1,4,14,0,0,51,0,0,1,0,0,0,10,2,0,0,Deceased,0,6,0,103,0,3,1,2
0,0,0,0,0,1,1,4,2021-02-24,0,2,0,1,1,0,1,1,0,6,17,0,0,80,0,0,2,0,0,0,7,1,0,0,Deceased,4,6,0,141,0,3,0,3
0,0,0,0,0,1,0,8,2021-02-25,0,0,0,2,1,0,0,0,0,7,14,0,1,56,0,0,2,0,0,1,13,1,0,0,Deceased,1,5,0,119,0,2,0,4
0,0,1,0,1,1,0,7,2021-02-26,0,1,0,3,0,0,1,0,1,4,14,0,0,48,0,0,3,0,0,0,15,0,1,0,Deceased,2,5,0,114,0,2,1,3
0,0,0,0,0,1,0,4,2021-02-27,0,3,0,0,1,0,3,1,0,6,18,0,0,51,0,0,1,0,0,0,11,1,1,0,Deceased,1,5,0,111,0,-1,1,3
0,0,0,0,0,0,1,3,2021-02-28,0,1,0,1,1,0,1,2,1,5,15,0,0,62,0,0,1,0,0,1,7,0,0,0,Deceased,1,3,0,108,0,0,0,2
0,0,0,0,1,0,1,7,2021-03-01,0,1,0,1,1,1,2,0,1,5,13,0,0,30,0,0,1,0,0,0,18,1,0,0,Deceased,0,5,0,92,0,3,0,0
0,0,0,0,0,0,1,2,2021-03-02,0,0,0,0,0,0,2,0,0,7,16,0,0,54,0,0,0,0,0,1,10,0,0,0,Deceased,1,1,0,98,0,1,0,2
0,0,1,0,0,1,1,4,2021-03-03,0,3,0,0,1,0,0,0,0,3,15,0,0,42,0,0,0,0,0,0,12,0,0,0,Deceased,0,2,0,87,0,0,0,2
0,0,1,0,0,1,0,3,2021-03-04,0,1,0,2,0,0,0,1,1,4,14,0,0,60,0,0,1,0,0,0,15,0,1,0,Deceased,2,4,0,113,0,1,0,1
0,0,1,0,0,1,0,3,2021-03-05,0,3,0,1,1,1,1,0,1,4,16,0,0,53,0,0,0,0,0,0,11,0,1,0,Deceased,2,5,0,109,0,0,2,2
0,0,1,0,1,1,0,1,2021-03-06,0,1,0,0,1,0,3,0,1,5,16,0,0,47,0,0,2,0,0,0,12,1,0,0,Deceased,1,4,0,100,0,0,0,2
0,0,1,0,0,1,0,3,2021-03-07,0,2,0,0,1,0,0,2,1,3,13,0,0,38,0,0,3,0,0,0,17,0,0,0,Deceased,1,1,0,97,0,8,1,1
0,0,2,0,0,1,1,1,2021-03-08,0,3,0,0,1,3,2,0,1,5,12,0,0,22,0,0,1,0,0,0,14,0,0,0,Deceased,1,3,0,76,0,1,0,2
0,0,0,0,2,0,0,5,2021-03-09,0,4,0,3,2,2,4,0,2,6,16,0,0,56,0,0,2,0,0,0,20,0,0,0,Deceased,2,4,0,133,0,2,0,1
0,0,1,0,0,1,1,8,2021-03-10,0,3,0,0,0,1,2,0,3,6,14,0,0,54,0,0,3,0,0,0,17,0,0,0,Deceased,2,5,0,125,0,0,2,2
0,0,2,0,1,0,0,3,2021-03-11,0,3,0,1,0,0,1,0,1,2,13,0,0,57,0,0,4,0,0,0,18,0,0,0,Deceased,3,5,0,119,0,1,1,3
0,0,1,0,0,1,0,5,2021-03-12,0,2,0,1,2,0,4,0,2,5,14,0,0,56,0,0,2,0,0,1,34,0,0,0,Deceased,1,4,0,140,0,2,2,1
0,0,2,0,1,1,1,6,2021-03-13,0,3,0,1,2,1,4,0,3,1,12,0,0,88,0,0,2,0,0,0,22,0,0,0,Deceased,2,4,0,159,0,0,2,1
0,0,2,0,0,1,0,4,2021-03-14,0,2,0,1,2,2,1,0,0,3,15,0,0,50,0,0,2,0,0,0,20,1,1,0,Deceased,1,4,0,120,0,3,1,4
0,0,1,0,1,1,0,7,2021-03-15,0,3,0,1,1,4,3,0,0,7,11,0,0,48,0,0,3,0,0,0,27,1,0,0,Deceased,1,4,0,130,0,2,1,3
0,0,0,0,0,1,1,12,2021-03-16,0,1,0,4,2,1,2,1,2,6,15,0,0,87,0,0,1,0,0,0,38,1,1,0,Deceased,2,5,0,187,0,2,0,2
0,0,1,0,0,1,0,6,2021-03-17,0,3,0,1,3,0,4,0,1,4,13,0,0,84,0,0,2,0,0,0,35,0,0,0,Deceased,3,8,0,171,0,1,0,1
0,0,0,0,1,1,0,5,2021-03-18,0,1,0,1,3,2,6,0,1,8,15,0,0,58,0,0,1,1,0,0,32,1,3,0,Deceased,3,9,0,156,0,2,0,2
0,0,1,0,0,1,1,9,2021-03-19,0,4,0,2,4,3,1,1,1,10,17,0,0,70,0,0,7,0,0,0,38,0,2,0,Deceased,2,9,0,188,0,4,0,1
0,0,2,0,0,1,1,11,2021-03-20,0,2,0,0,6,1,3,0,1,7,15,0,0,92,1,0,2,0,0,0,38,0,0,0,Deceased,2,8,0,196,0,1,0,2
0,0,0,0,0,2,1,10,2021-03-21,0,1,0,3,7,1,5,1,1,2,13,0,0,99,0,0,3,0,0,1,44,1,2,0,Deceased,3,9,0,213,0,1,0,3
0,0,2,0,1,2,1,12,2021-03-22,0,7,0,0,4,3,3,1,0,10,12,0,0,58,0,0,2,0,0,0,58,1,5,0,Deceased,2,10,0,197,0,1,0,2
0,0,2,0,1,2,1,20,2021-03-23,0,4,0,3,4,4,3,1,2,5,10,0,0,132,0,0,4,0,0,0,53,1,4,0,Deceased,3,9,1,277,0,4,2,2
0,0,4,0,1,2,1,29,2021-03-24,0,6,0,0,8,2,6,2,0,12,10,0,0,95,0,1,7,0,0,0,39,2,1,0,Deceased,2,12,0,249,0,5,0,2
0,0,4,0,1,2,3,15,2021-03-25,0,5,0,1,7,2,7,0,0,10,12,0,0,111,1,0,9,0,0,0,43,0,0,0,Deceased,4,11,0,257,0,4,1,4
0,0,2,0,0,2,4,22,2021-03-26,0,9,0,1,6,1,8,3,1,13,14,0,0,112,0,0,9,0,0,0,59,0,3,0,Deceased,3,9,0,292,0,6,1,4
0,0,0,0,0,2,2,13,2021-03-27,0,10,0,1,5,3,7,4,1,8,14,0,0,166,0,0,10,0,0,1,45,1,0,0,Deceased,2,9,0,311,0,4,1,2
0,0,2,0,0,1,3,15,2021-03-28,0,9,0,2,8,3,9,3,4,12,12,0,0,108,0,0,11,0,0,0,69,0,2,0,Deceased,3,11,0,295,0,3,3,2
0,0,5,0,0,1,0,20,2021-03-29,0,6,0,2,8,3,2,0,0,16,11,0,0,102,0,0,9,0,0,1,59,1,0,0,Deceased,2,14,0,266,0,4,-1,1
0,0,3,0,0,1,2,35,2021-03-30,0,4,0,1,10,6,4,3,1,21,16,0,0,139,0,0,10,0,0,0,64,1,0,0,Deceased,4,16,0,355,0,10,2,2
0,0,4,0,1,2,0,39,2021-03-31,0,11,0,1,9,3,8,0,4,26,15,0,0,227,0,0,9,0,0,0,55,0,5,0,Deceased,3,19,0,458,0,11,4,2
0,0,3,0,2,2,1,34,2021-04-01,0,9,0,1,9,4,9,1,4,18,11,0,0,249,0,0,12,0,0,0,58,1,4,0,Deceased,4,19,0,468,0,9,2,2
0,0,5,0,0,2,1,43,2021-04-02,0,14,0,1,11,4,10,1,5,6,14,0,0,481,0,0,16,0,0,0,57,1,2,0,Deceased,5,12,0,713,0,16,2,4
0,0,9,0,0,2,1,36,2021-04-03,0,10,0,2,13,4,10,7,2,19,12,0,0,277,0,0,15,0,0,0,49,0,3,0,Deceased,6,14,0,514,0,14,4,5
0,0,5,0,2,1,1,36,2021-04-04,0,21,0,1,14,10,7,8,3,15,10,0,0,222,0,0,11,0,0,1,51,0,2,0,Deceased,5,14,0,477,0,31,2,4
0,0,5,0,0,3,1,44,2021-04-05,0,15,0,2,15,6,8,10,2,32,12,0,0,155,0,0,15,0,0,0,72,0,12,1,Deceased,6,11,0,446,0,13,2,4
0,0,7,0,2,2,2,53,2021-04-06,0,17,0,1,17,5,9,4,2,39,14,0,0,297,0,0,18,0,0,0,61,2,13,0,Deceased,6,15,0,630,0,30,7,7
0,0,11,0,0,3,2,53,2021-04-07,0,20,0,2,22,9,11,7,6,35,16,0,0,322,0,0,13,0,0,1,62,1,12,0,Deceased,5,17,1,684,0,40,5,8
0,0,6,0,1,4,1,94,2021-04-08,0,24,0,2,35,6,11,7,1,36,18,0,0,376,1,1,27,0,0,0,56,0,20,0,Deceased,7,19,0,802,0,39,3,7
0,0,11,0,3,3,4,91,2021-04-09,0,39,0,3,42,7,11,17,4,46,22,0,0,301,0,0,23,0,0,1,56,0,12,0,Deceased,5,23,0,773,0,36,5,8
0,0,12,0,2,6,3,123,2021-04-10,0,39,0,1,49,12,11,17,6,36,17,1,0,309,0,0,24,0,0,2,58,2,18,0,Deceased,6,23,0,838,0,46,3,12
0,0,9,0,1,6,3,122,2021-04-11,0,48,0,2,54,0,16,21,5,40,16,0,0,349,0,1,24,0,2,0,59,2,10,0,Deceased,7,22,0,904,0,67,8,10
0,0,11,0,0,6,1,132,2021-04-12,0,72,0,2,55,9,14,19,0,52,11,0,0,258,0,0,37,1,0,2,52,2,25,0,Deceased,6,19,1,880,0,72,7,14
0,0,10,0,1,14,1,156,2021-04-13,0,81,0,3,67,11,16,29,3,67,20,0,0,281,0,0,40,0,0,2,50,3,28,0,Deceased,7,18,0,1026,0,85,13,20
0,1,18,0,3,21,3,120,2021-04-14,0,104,0,4,73,13,18,31,5,38,22,1,0,278,0,0,51,0,0,3,63,2,29,0,Deceased,8,25,0,1038,0,67,13,24
0,0,14,0,1,24,3,135,2021-04-15,0,112,2,5,81,11,18,28,4,66,20,0,0,349,0,0,53,0,0,2,50,1,33,0,Deceased,8,29,0,1184,0,104,9,22
0,0,20,0,4,13,1,138,2021-04-16,0,141,0,6,94,9,20,56,2,78,21,0,0,398,1,0,60,0,1,3,50,3,31,0,Deceased,9,33,0,1338,0,103,17,26
0,1,15,0,2,34,2,158,2021-04-17,0,167,0,4,97,12,32,30,3,80,27,1,0,419,0,0,66,0,0,4,62,3,37,0,Deceased,12,39,0,1498,0,120,37,34
0,0,22,0,6,27,3,170,2021-04-18,0,161,0,11,110,10,29,50,6,81,25,0,0,503,1,0,66,0,0,2,68,3,42,0,Deceased,15,42,0,1620,0,127,12,28
0,0,27,0,7,41,4,175,2021-04-19,0,240,0,17,117,13,33,46,6,146,21,0,0,351,1,1,79,0,0,4,83,5,53,0,Deceased,14,44,0,1757,0,167,24,38
0,0,35,0,3,51,4,191,2021-04-20,0,277,0,26,121,16,35,45,8,149,28,1,0,519,0,1,77,0,0,5,60,4,64,0,Deceased,18,48,0,2021,0,162,27,46
0,0,38,0,5,56,2,193,2021-04-21,0,249,0,17,125,17,45,62,13,116,22,0,0,568,3,2,75,0,0,5,69,5,62,0,Deceased,20,53,0,2101,0,187,34,58
0,1,31,0,10,59,4,207,2021-04-22,0,306,0,21,137,18,55,106,8,123,28,1,0,568,0,1,75,0,0,7,75,4,59,1,Deceased,23,59,0,2257,0,195,19,56
0,0,38,0,12,54,3,219,2021-04-23,0,348,0,12,142,26,60,63,19,190,27,0,0,773,0,0,74,0,0,8,75,2,64,0,Deceased,29,78,0,2620,0,196,49,59
0,1,37,0,14,77,3,218,2021-04-24,0,357,0,17,152,24,60,110,15,208,25,1,0,676,1,2,104,0,1,8,92,9,74,0,Deceased,33,80,0,2761,0,222,81,59
0,0,69,2,14,68,2,199,2021-04-25,0,350,0,24,157,32,64,103,21,143,30,2,0,832,2,2,92,1,3,7,76,11,74,1,Deceased,38,82,0,2808,0,206,44,57
0,0,51,0,15,67,5,226,2021-04-26,0,380,0,38,158,27,75,124,25,201,28,0,0,524,1,5,88,0,0,9,98,10,84,2,Deceased,43,94,0,2762,0,249,67,68
0,0,64,0,18,85,6,246,2021-04-27,0,381,0,31,170,24,84,131,25,180,32,1,0,895,4,3,98,0,0,10,100,13,121,2,Deceased,52,77,0,3286,0,264,96,73
0,1,71,0,22,84,11,279,2021-04-28,0,368,0,24,174,33,95,149,30,229,41,0,0,1035,2,2,105,0,2,10,142,10,120,1,Deceased,56,98,2,3646,0,265,108,77
0,0,57,1,26,89,8,251,2021-04-29,0,395,0,36,180,40,97,145,26,270,48,1,3,771,2,5,95,0,0,12,137,12,158,3,Deceased,58,107,0,3502,0,295,85,89
0,0,64,0,26,80,13,269,2021-04-30,0,375,0,22,173,37,98,120,30,217,49,3,0,828,2,5,97,2,4,14,113,12,155,1,Deceased,53,113,0,3525,0,332,122,96
0,1,61,0,23,82,11,229,2021-05-01,0,412,0,54,172,28,125,169,47,271,48,1,0,802,3,5,102,0,3,11,138,12,160,1,Deceased,51,147,2,3685,0,304,107,103
0,1,83,0,30,97,7,199,2021-05-02,0,407,0,52,153,44,145,115,40,217,49,1,0,669,5,5,94,1,2,14,157,16,159,1,Deceased,56,153,0,3423,0,288,71,92
0,1,71,0,29,82,11,266,2021-05-03,0,448,0,46,140,43,140,129,51,239,45,3,2,567,6,7,93,1,6,5,155,15,154,1,Deceased,49,122,1,3439,0,285,128,98
0,0,82,0,41,105,11,210,2021-05-04,0,338,0,52,131,48,153,132,37,288,57,3,0,891,0,2,98,0,0,15,173,17,154,1,Deceased,59,144,1,3786,0,351,85,107
0,1,85,0,55,61,14,253,2021-05-05,0,311,0,71,133,32,181,141,52,346,58,0,1,920,6,10,71,0,3,16,180,18,155,4,Deceased,51,167,0,3979,0,353,127,103
0,1,72,0,46,90,9,212,2021-05-06,0,335,0,58,123,45,177,133,52,328,63,0,1,853,2,13,86,0,3,17,154,18,161,3,Deceased,52,195,3,3923,0,350,151,117
0,0,73,1,47,62,8,208,2021-05-07,0,341,0,56,119,56,162,136,50,592,54,1,1,898,6,2,84,0,1,19,165,19,164,2,Deceased,87,197,1,4233,0,372,137,112
0,2,96,0,50,76,9,223,2021-05-08,0,332,0,55,119,37,155,141,60,482,64,1,0,864,11,12,90,0,15,21,171,19,160,5,Deceased,38,241,1,4092,0,297,118,127
0,2,92,0,48,67,10,189,2021-05-09,0,273,0,67,121,55,151,97,54,490,68,2,0,572,18,15,86,2,3,19,191,26,159,2,Deceased,35,236,1,3749,0,294,180,124
0,2,84,4,77,75,7,172,2021-05-10,0,319,0,50,117,53,161,129,56,596,65,2,1,549,5,13,81,3,10,17,198,23,160,2,Deceased,32,232,4,3879,0,278,168,134
0,0,108,4,85,72,10,199,2021-05-11,0,347,0,75,118,64,144,103,65,480,79,0,0,793,9,20,94,0,6,18,214,30,169,8,Deceased,32,298,3,4198,0,301,118,132
0,3,89,1,71,74,14,153,2021-05-12,0,300,0,70,102,66,165,97,65,516,95,1,1,816,8,17,84,1,9,17,193,27,164,6,Deceased,31,293,9,4128,0,326,109,135
0,2,89,3,75,90,10,195,2021-05-13,0,308,0,63,109,63,163,108,55,344,97,3,2,850,18,10,74,0,12,19,186,24,159,9,Deceased,33,297,2,4000,0,277,122,129
0,2,96,5,76,77,8,172,2021-05-14,0,289,0,61,104,67,164,76,60,373,93,2,0,695,12,16,88,0,13,22,180,30,155,6,Deceased,29,288,2,3889,0,311,181,136
0,0,98,1,63,73,8,129,2021-05-15,0,337,0,58,95,56,144,65,63,349,96,2,0,960,21,10,72,0,6,21,216,20,149,5,Deceased,32,303,3,4077,0,281,197,144
0,3,101,3,56,89,10,144,2021-05-16,0,262,0,43,82,70,139,48,59,403,89,0,1,974,19,16,79,1,13,19,202,32,156,2,Deceased,27,311,2,4098,0,308,188,147
0,1,109,4,92,96,6,149,2021-05-17,0,340,0,53,81,58,114,60,73,476,87,0,0,1000,16,14,77,2,7,22,191,28,157,5,Deceased,30,335,10,4334,0,271,223,147
0,3,99,2,73,111,6,153,2021-05-18,0,265,0,45,67,78,124,62,71,525,97,5,1,1291,19,20,70,3,12,22,231,33,146,2,Deceased,27,364,4,4529,0,255,98,145
0,3,106,2,89,104,9,146,2021-05-19,0,235,0,31,71,69,153,53,62,468,112,1,3,594,24,23,88,1,6,21,208,29,139,2,Deceased,25,365,5,3877,0,280,193,157
0,1,114,0,74,98,10,113,2021-05-20,0,233,0,44,64,65,129,60,67,548,128,1,2,984,10,11,88,0,11,25,191,28,127,3,Deceased,23,397,3,4209,0,236,159,162
0,2,104,3,81,98,14,96,2021-05-21,0,252,0,30,65,57,112,46,43,353,142,1,2,1263,25,15,79,0,13,27,172,26,129,3,Deceased,25,467,2,4194,0,172,116,159
0,3,118,3,79,103,12,103,2021-05-22,0,182,0,39,54,55,98,41,48,451,176,3,2,682,21,13,89,1,13,26,201,30,115,1,Deceased,21,448,2,3739,0,218,134,154
0,2,104,3,72,107,10,92,2021-05-23,0,189,0,42,53,59,97,37,51,624,188,2,0,1320,22,14,75,2,14,28,192,34,113,3,Deceased,19,422,6,4454,0,231,71,156
0,1,96,4,84,93,7,60,2021-05-24,0,207,0,38,45,61,95,33,45,529,196,0,0,592,26,17,60,0,12,32,187,23,103,8,Deceased,21,404,2,3509,0,153,122,153
0,2,106,2,92,104,5,77,2021-05-25,0,156,0,39,44,60,128,20,53,588,177,1,2,1137,19,15,68,1,18,33,174,26,105,5,Deceased,23,468,5,4160,0,157,93,157
0,2,99,3,90,99,8,56,2021-05-26,0,130,0,39,36,44,106,19,40,530,151,2,0,992,10,10,72,0,12,35,185,27,107,2,Deceased,20,475,3,3843,0,193,93,153
0,1,104,2,83,98,7,69,2021-05-27,0,117,0,39,33,59,98,16,37,476,181,4,2,884,12,18,70,0,11,34,177,20,85,1,Deceased,18,474,6,3659,0,187,88,148
0,4,103,2,80,61,6,67,2021-05-28,0,139,0,32,27,64,96,20,56,401,194,2,1,973,20,13,63,1,5,33,176,21,78,3,Deceased,19,486,6,3611,0,154,60,145
0,0,104,3,77,48,5,64,2021-05-29,0,122,0,27,29,30,97,13,46,492,198,0,2,832,7,15,68,0,7,35,125,21,70,4,Deceased,21,486,13,3463,0,155,99,148
0,1,94,1,55,52,5,37,2021-05-30,0,78,0,28,25,41,89,19,29,381,186,1,1,814,13,17,60,1,13,33,127,21,66,3,Deceased,16,493,9,3130,0,138,41,142
0,1,98,0,65,59,8,32,2021-05-31,0,86,0,24,18,16,82,13,37,411,174,1,1,500,14,14,48,4,0,35,118,18,68,3,Deceased,18,478,6,2783,0,151,51,131
0,3,104,1,51,59,5,29,2021-06-01,0,62,0,22,22,38,80,9,32,464,194,1,0,854,14,18,45,2,9,37,99,14,65,4,Deceased,15,490,6,3205,0,175,45,137
0,1,98,2,61,46,3,40,2021-06-02,0,103,0,22,18,29,78,11,24,463,213,1,2,553,24,14,45,2,27,40,99,17,65,3,Deceased,17,483,6,2898,0,115,38,135
0,0,81,1,46,28,1,22,2021-06-03,0,45,0,17,17,23,71,10,29,514,153,2,0,643,9,10,50,2,5,42,92,16,44,3,Deceased,18,460,9,2717,0,108,38,108
0,2,83,3,54,23,3,23,2021-06-04,0,50,0,17,16,27,73,13,34,364,135,1,1,1377,18,14,50,2,12,39,87,18,40,3,Deceased,15,463,5,3372,0,136,58,113
0,1,80,1,44,21,3,30,2021-06-05,0,60,0,17,15,19,59,12,25,365,209,1,2,741,9,9,38,4,6,40,82,12,32,2,Deceased,18,443,11,2682,0,120,33,118
0,0,90,2,37,41,4,25,2021-06-06,0,34,0,16,12,18,48,8,23,320,227,0,0,618,12,9,42,1,4,42,67,15,25,5,Deceased,14,434,8,2444,0,101,35,107
0,1,86,0,37,43,2,26,2021-06-07,0,36,0,80,11,18,39,6,16,340,211,0,3,340,5,15,32,2,3,41,84,10,31,0,Deceased,16,351,6,2107,0,81,32,103
0,2,77,1,43,34,5,14,2021-06-08,0,41,0,19,11,13,38,13,11,179,124,0,1,702,9,12,36,2,3,45,59,6,32,2,Deceased,15,409,8,2222,0,92,66,98
0,0,67,2,55,3971,2,14,2021-06-09,0,36,0,18,10,15,40,3,17,192,156,0,0,661,16,7,36,1,3,43,74,4,30,1,Deceased,17,405,5,6139,0,91,52,95
0,0,67,5,51,23,2,14,2021-06-10,0,44,0,14,11,17,32,5,25,194,194,2,0,1915,10,10,34,3,6,44,74,9,23,3,Deceased,14,358,14,3414,0,81,29,87
0,0,61,5,29,14,3,15,2021-06-11,0,24,0,8,9,7,43,1,17,159,173,0,1,2619,10,19,35,0,4,43,68,11,27,2,Deceased,16,378,5,3996,0,70,31,89
0,1,58,5,42,18,3,11,2021-06-12,0,28,0,15,6,17,45,0,14,144,171,0,0,1966,13,15,21,1,3,47,68,9,16,0,Deceased,13,374,8,3300,0,68,19,81
0,0,58,2,36,8,3,6,2021-06-13,0,23,0,14,6,7,43,2,12,125,206,0,1,2771,6,15,21,1,5,45,59,7,7,0,Deceased,15,267,9,3922,0,51,7,84
0,0,59,6,43,13,2,17,2021-06-14,0,16,0,9,6,7,40,1,9,120,161,1,0,1592,10,16,36,7,3,44,40,7,20,0,Deceased,12,254,7,2733,0,72,25,78
0,0,53,4,34,9,3,8,2021-06-15,0,12,0,10,4,12,38,4,10,115,166,1,1,1458,7,8,27,0,3,42,48,5,14,3,Deceased,14,267,4,2540,0,56,25,75
0,1,57,0,36,9,2,12,2021-06-16,0,25,0,13,5,4,39,3,12,148,147,0,0,1236,8,10,34,2,2,44,48,6,9,1,Deceased,11,270,5,2329,0,49,12,69
0,0,58,3,41,4,3,7,2021-06-17,0,10,0,9,6,10,38,3,9,138,88,1,0,636,4,13,30,3,5,39,40,8,10,2,Deceased,13,210,5,1591,0,67,14,64
0,0,57,1,33,9,2,7,2021-06-18,0,14,0,6,5,5,36,2,8,168,90,0,0,648,9,12,28,1,1,37,33,4,9,3,Deceased,12,287,3,1645,0,51,6,58
0,0,45,0,40,7,2,9,2021-06-19,0,7,0,9,5,10,33,2,4,161,115,1,1,682,5,6,30,2,1,42,31,6,7,1,Deceased,10,180,5,1574,0,51,9,55
0,0,50,0,30,7,0,10,2021-06-20,0,7,0,6,4,3,30,0,14,120,112,1,0,605,4,8,30,4,1,40,24,3,4,2,Deceased,11,182,4,1424,0,46,9,53
0,0,44,0,35,7,0,8,2021-06-21,0,11,0,7,2,6,29,1,10,142,94,0,0,352,5,8,19,2,6,43,28,3,6,0,Deceased,9,189,4,1167,0,46,9,42
0,0,53,1,37,6,0,7,2021-06-22,0,8,0,11,3,5,20,2,7,139,141,0,1,482,3,10,20,1,2,38,34,1,3,3,Deceased,10,194,4,1359,0,58,8,47
0,0,36,0,30,6,1,5,2021-06-23,0,7,0,5,3,8,19,2,4,123,150,0,0,508,9,9,21,1,0,46,35,4,1,0,Deceased,12,166,4,1323,0,54,16,38
0,0,38,2,34,4,0,8,2021-06-24,0,8,0,9,2,2,19,2,11,138,136,0,0,556,10,11,22,1,2,44,21,3,0,2,Deceased,9,155,2,1328,0,30,6,41
0,0,38,3,26,3,0,8,2021-06-25,0,4,0,5,3,2,18,1,7,114,118,0,1,511,7,8,22,2,2,40,12,5,0,1,Deceased,11,150,2,1183,0,15,9,35
0,0,38,2,33,2,0,4,2021-06-26,0,9,0,5,3,6,17,3,5,115,118,0,0,511,3,15,25,2,6,47,23,2,5,2,Deceased,9,148,3,1258,0,62,3,32
0,0,33,0,37,1,0,4,2021-06-27,0,4,0,7,3,2,17,1,8,89,62,0,0,405,2,16,21,0,0,39,12,3,4,0,Deceased,8,91,3,978,0,75,2,29
0,1,31,0,42,4,0,6,2021-06-28,0,2,0,7,3,3,16,0,6,93,110,0,0,287,8,6,19,0,6,43,20,1,2,3,Deceased,9,98,4,907,0,41,4,32
0,0,41,1,27,1,1,1,2021-06-29,0,4,0,2,2,1,16,2,6,93,104,0,0,231,4,11,18,1,0,40,22,3,2,1,Deceased,7,118,3,819,0,18,3,35
0,0,35,4,30,4,0,1,2021-06-30,0,6,0,6,3,2,14,0,7,111,142,0,0,141,7,9,15,1,2,48,19,1,3,2,Deceased,10,113,2,1002,0,14,221,29
0,0,38,4,38,4,0,6,2021-07-01,0,4,0,6,3,1,15,0,4,94,124,0,1,252,6,12,12,0,3,45,20,2,2,1,Deceased,8,102,5,857,0,10,8,27
0,0,35,0,27,2,0,5,2021-07-02,0,2,0,2,2,1,15,0,6,88,146,0,0,156,5,13,8,1,0,46,14,8,7,0,Deceased,9,97,1,737,0,15,3,23
0,0,36,0,28,5,0,3,2021-07-03,0,5,0,7,3,1,13,1,2,86,135,0,0,371,6,13,12,1,1,45,17,1,4,0,Deceased,6,115,2,950,0,6,4,21
0,0,29,1,20,2,0,3,2021-07-04,0,7,0,4,2,1,12,1,2,59,75,2,0,306,7,8,8,0,0,42,7,1,4,0,Deceased,7,72,3,725,0,18,2,20
0,0,26,2,31,5,1,1,2021-07-05,0,2,0,2,2,1,10,2,6,67,102,0,0,106,9,8,6,3,0,52,12,1,3,1,Deceased,7,54,4,552,0,6,2,18
0,0,28,2,34,5,0,5,2021-07-06,0,4,0,4,1,1,10,1,2,92,142,0,0,395,9,14,2,0,4,51,9,1,1,0,Deceased,5,73,5,930,0,10,3,17
0,0,21,3,26,1,0,2,2021-07-07,0,4,0,3,0,1,9,0,4,75,148,0,0,326,6,11,2,1,2,59,10,2,0,2,Deceased,7,64,4,819,0,10,0,16
0,0,27,1,21,2,0,3,2021-07-08,0,3,0,4,0,0,10,1,4,62,142,1,0,439,4,12,4,2,0,57,16,2,0,1,Deceased,4,57,2,908,0,10,0,17
0,0,14,1,24,0,0,5,2021-07-09,0,3,0,2,1,1,9,0,1,68,130,1,0,738,9,10,1,0,2,61,11,1,1,0,Deceased,6,69,6,1207,0,13,0,19
0,1,26,2,24,4,0,3,2021-07-10,0,1,0,7,0,3,8,0,2,48,109,0,0,494,7,7,1,2,0,58,9,1,2,1,Deceased,5,49,3,898,0,4,0,17
0,0,16,1,16,0,0,3,2021-07-11,0,3,0,2,0,1,8,0,1,56,97,0,0,350,2,14,0,4,0,65,9,0,0,2,Deceased,4,47,0,720,0,5,1,13
0,0,22,2,37,1,0,0,2021-07-12,0,3,0,0,1,1,6,0,0,61,100,0,0,146,5,15,1481,5,4,63,7,2,0,2,Deceased,6,36,3,2024,0,2,2,11
0,0,18,2,23,0,0,4,2021-07-13,0,2,0,4,0,4,7,1,1,48,124,0,0,196,5,22,2,1,3,68,6,0,0,0,Deceased,3,48,2,625,0,4,10,17
0,0,15,2,22,2,0,4,2021-07-14,0,1,0,0,0,3,8,0,2,45,128,0,0,170,3,17,0,2,2,65,8,1,2,0,Deceased,5,55,1,578,0,0,1,14
0,0,24,2,27,4,0,3,2021-07-15,0,1,0,1,0,3,7,0,1,48,87,0,0,170,5,14,2,1,0,66,5,1,0,1,Deceased,4,49,3,544,0,1,2,12
0,0,16,2,24,1,0,3,2021-07-16,0,1,0,4,0,2,8,0,1,42,130,0,0,167,5,10,0,3,3,64,3,2,0,1,Deceased,4,46,1,560,0,6,1,10
0,0,18,2,23,1,0,2,2021-07-17,0,4,0,3,1,1,7,0,1,42,114,0,0,124,8,15,2,1,5,67,9,1,2,2,Deceased,5,43,1,517,0,4,1,8
0,0,17,1,15,2,0,2,2021-07-18,0,0,0,2,1,2,6,0,1,36,81,0,0,180,6,11,0,2,4,66,9,2,1,3,Deceased,3,29,2,501,0,6,0,11
0,0,22,1,20,1,0,4,2021-07-19,0,3,0,0,0,0,6,2,1,40,58,0,0,66,10,16,0,1,2,58,4,0,1,0,Deceased,5,28,3,372,0,7,1,12
